study_id,Region,Site_Name,SampleSheet_Edited__2__Barcode,Sample_Plate,site,Woreda,Place_Res,Duration_yr,Duration_Mon,Duration_dy,Age,Age_Month,Sex,Pregnancy,Symptom,Circle_One,Symptom_Duration,Prev_Antimal,Place_treated,Drug_Use,Travel_History,Druration_Travel,Place_Travel,Prev_Malaria,Malaria_Spec,Parasite_Den,Malaria_Interverntion,Intervention_type,No_SleepingSpace,Bednet_No,Year_Bednet_received,Any_under_Five,Any_Preg_Women,Previous_Night_Home,Bednet_Utilization,Consent,crt_76T,dhfr_51I,dhfr_59R,dhfr_108N,dhps_437G,dhps_540E,dhps_581G,mdr1_N86,mdr1_184F,mdr1_D1246,k13_433D,k13_441L,k13_574L,Mutation_622I,k13_658E,k13_675V,meancoi,mediancoi
SEBI1562,S_ETHIOPIA,BIRBIRR H/CENTER,SEBI1562,Plate 11,S_ETHIOPIA,MERAB ABAYA,birbir,25,0,0,48,0,1,NA,1,"1,3,4,7",2dy,1,2,Chloroquine,Yes,5dy,NA,NA,1,NA,1,3,3,3,NA,2,2,1,2,1,NA,1,0.939398142,1,1,0.866013986,0,1,1,1,0,0,NA,NA,0,0,2,2
AMAN030981,AMHARA,ANDASA H/CENTER,aman030981,Plate 10,AMHARA,BAHIR DAR ZURIA,andasa,20,0,0,30,0,2,NA,1,"1,2,5",2dy,1,2,Chloroquine,No,,NA,NA,1,NA,1,2,3,3,NA,1,2,1,1,1,0.804054054,1,0,1,1,0.821226849,0,1,1,1,0,0,NA,NA,0,0,3,3
AMAN030972,AMHARA,ANDASA H/CENTER,aman030972,Plate 10,AMHARA,BAHIR DAR ZURIA,yemushet,20,0,0,20,0,2,NA,1,"1,2,3,6",1dy,1,2,Chloroquine,No,,NA,NA,1,NA,1,2,2,2,NA,1,2,1,1,1,1,1,0,1,1,1,0,NA,1,1,0,0,NA,NA,0,0,1,1
SEBI1576,S_ETHIOPIA,BIRBIRR H/CENTER,SEBI1576,Plate 11,S_ETHIOPIA,MERAB ABAYA,birbir,8,0,0,8,0,2,NA,1,"1,3",1dy,1,2,Chloroquine,No,,NA,NA,1,NA,2,,3,3,NA,1,2,1,2,1,NA,1,1,1,1,1,0,1,NA,1,0,0,NA,NA,0,0,1,1
SEBI1519,S_ETHIOPIA,BIRBIRR H/CENTER,SEBI1519,Plate 11,S_ETHIOPIA,MERAB ABAYA,allege,15,0,0,15,0,2,2,1,"1,3,7",20dy,1,2,Coartem,Yes,20 dy,NA,NA,1,NA,2,,2,1,NA,1,2,2,2,1,NA,NA,NA,NA,NA,NA,NA,NA,NA,NA,NA,NA,NA,NA,NA,NA,NA,NA
SEBI1567,S_ETHIOPIA,BIRBIRR H/CENTER,SEBI1567,Plate 11,S_ETHIOPIA,MERAB ABAYA,birbir,20,0,0,20,0,1,NA,1,"1,3,4",4 month,1,3,Coartem,Yes,4dy,NA,NA,1,NA,2,,3,2,NA,2,2,2,2,1,NA,1,1,1,1,1,0,1,1,1,0,0,NA,NA,0,0,1,1
AMAN030955,AMHARA,ANDASA H/CENTER,aman030955,Plate 10,AMHARA,BAHIR DAR ZURIA,andasa,5,0,0,24,0,1,NA,1,"1,2,3,6,7",2dy,1,2,Coartem,No,,NA,NA,1,NA,1,2,2,2,NA,2,1,1,1,1,NA,NA,NA,NA,NA,NA,NA,NA,NA,NA,NA,NA,NA,NA,NA,NA,NA,NA
AMAN030962,AMHARA,ANDASA H/CENTER,aman030962,Plate 10,AMHARA,BAHIR DAR ZURIA,andasa,35,0,0,35,0,1,NA,1,"1,2,3,5,7",1dy,1,2,Coartem,No,,NA,NA,1,NA,1,2,2,2,NA,1,1,1,1,1,NA,NA,NA,NA,NA,NA,NA,NA,NA,NA,NA,NA,NA,NA,NA,NA,NA,NA
AMAN030954,AMHARA,ANDASA H/CENTER,aman030954,Plate 10,AMHARA,BAHIR DAR ZURIA,yemushet,35,0,0,35,0,2,NA,1,"1,2,3,5,6,7,8",,1,2,Coartem,No,,NA,NA,1,NA,1,2,2,2,NA,1,2,1,1,1,NA,NA,NA,NA,NA,NA,NA,NA,NA,NA,NA,NA,NA,NA,NA,NA,NA,NA
AMAN030965,AMHARA,ANDASA H/CENTER,aman030965,Plate 10,AMHARA,BAHIR DAR ZURIA,yigama,20,0,0,30,0,2,1,1,"1,3,5,6,7,8",2dy,1,NA,Coartem,No,,NA,NA,1,NA,1,2,2,2,NA,2,1,1,1,1,NA,1,0,1,NA,1,NA,NA,NA,NA,NA,NA,NA,NA,NA,NA,NA,NA
SEBI1517,S_ETHIOPIA,BIRBIRR H/CENTER,SEBI1517,Plate 11,S_ETHIOPIA,MERAB ABAYA,allege,20,0,0,20,0,2,1,1,"1,3",15dy,1,2,Coartem,No,,NA,NA,1,NA,1,1,2,2,NA,1,1,1,1,1,NA,NA,NA,NA,NA,NA,NA,NA,NA,NA,NA,NA,NA,NA,NA,NA,NA,NA
SILR5512,SIDAMA,GARA RIKATA H/CENTER,SILR5512,Plate 21,SIDAMA,TULLA,Aruma,5,0,0,27,0,1,NA,1,"1,2,3,4,8",3dy,1,2,Coartem,No,,NA,NA,1,NA,1,2,5,2,NA,1,2,1,1,1,NA,1,0.509161041,1,0,0.169474455,NA,NA,NA,NA,0,0,NA,NA,NA,NA,3,3
SILR5509,SIDAMA,GARA RIKATA H/CENTER,SILR5509,Plate 21,SIDAMA,TULLA,Fura kebele,5,0,0,21,0,2,2,1,"1,2,3,4",1dy,1,3,Coartem,No,,NA,NA,1,NA,1,2,2,2,NA,1,2,1,1,1,NA,1,1,NA,NA,NA,NA,NA,1,NA,NA,NA,NA,NA,NA,NA,NA,NA
SILR5515,SIDAMA,GARA RIKATA H/CENTER,SILR5515,Plate 21,SIDAMA,TULLA,Hawela wondo,15,0,0,28,0,1,NA,1,"1,2,3,4",3dy,1,3,Coartem,No,,NA,NA,1,NA,1,2,5,3,NA,2,2,1,2,1,NA,1,0,1,1,NA,0,1,1,1,0,0,NA,NA,0.032009038,0.317642629,1,1
AMWO031584,AMHARA,WORETA H/CENTER,AMWO031584,Plate 14,AMHARA,WORETA,woreta,20,0,0,45,0,2,2,1,"1,3,5",5dy,1,2,Coartem,No,,NA,NA,1,NA,2,,2,0,NA,2,2,2,2,1,0.065671642,1,0.028845422,1,0.966738583,0.905950895,0,1,1,1,0,0,NA,NA,0,0,2,2
SNDI071904,S_ETHIOPIA,DILLA H/CENTER,SNDI071904,Plate 14,S_ETHIOPIA,DILLA,Dilla,NA,0,0,21,0,2,2,1,"1,2,3,4",1dy,1,NA,PCM,No,,NA,NA,1,NA,2,,2,0,NA,1,1,2,2,1,1,1,0.887869521,1,1,0.969208211,0,1,1,1,0,0,NA,NA,0,0,1,1
DILE6079,DIRE DAWA,LEGEHARE H/CENTER,dile6079,Plate 14,DIRE DAWA,DIRE DAWA,dire dawa,NA,0,0,35,0,2,2,1,"3,4",5dy,2,NA,NA,Yes,20dys,NA,NA,1,428,2,,4,,NA,2,2,1,2,1,NA,1,1,1,1,1,0,1,NA,1,0,0,NA,NA,0,0,1,1
TGYE3703,TIGRAY,YECHILA P/HOSPITAL,TGYE3703,Plate 14,TIGRAY,ABERGELEYECHILA,gurure,NA,0,0,18,0,1,NA,1,"1,3,4",4dy,2,NA,NA,No,,NA,NA,1,NA,NA,,NA,,NA,1,2,2,2,1,NA,1,0.084935269,1,0,0.076367243,0,1,1,1,0,0,NA,NA,0,0,2,2
TGYE3692,TIGRAY,YECHILA P/HOSPITAL,TGYE3692,Plate 14,TIGRAY,ABERGELEYECHILA,hadarit,NA,0,0,28,0,2,2,1,"1,2,3,4",2dy,2,NA,NA,No,,NA,NA,1,NA,NA,,NA,,NA,2,NA,2,2,1,NA,1,0,1,0,0.558471363,0.147083686,1,1,1,0,0,NA,NA,0,0,3,3
TGYE3710,TIGRAY,YECHILA P/HOSPITAL,TGYE3710,Plate 14,TIGRAY,ABERGELEYECHILA,N/Birhan,NA,0,0,27,0,2,2,1,"1,4,5,7",4dy,1,3,NA,No,,NA,NA,1,NA,2,,2,,NA,NA,NA,NA,NA,NA,0.451581028,1,0.894907271,NA,1,0.945839031,0,1,1,NA,0,0,NA,NA,0,0,1,1
AFWO3437,AFAR,WORER H/CENTER,AFWO3437,Plate 21,AFAR,AMIBARA,Anbashu,20,0,0,32,0,1,NA,1,"1,2,3,4,6",5dy,2,NA,NA,No,,NA,NA,1,16430,1,"2,3",2,NO,2015,2,2,1,1,1,NA,1,1,1,NA,1,NA,NA,NA,NA,NA,NA,NA,NA,NA,NA,2,2
AMAN030930,AMHARA,ANDASA H/CENTER,aman030930,Plate 10,AMHARA,BAHIR DAR ZURIA,andasa,5,0,0,30,0,1,NA,1,"1,2,3,5,6,7",1dy,2,NA,NA,No,,NA,NA,1,NA,1,2,2,2,NA,1,2,1,2,1,NA,NA,NA,NA,NA,NA,NA,NA,NA,NA,NA,NA,NA,NA,NA,NA,NA,NA
AMAN030931,AMHARA,ANDASA H/CENTER,aman030931,Plate 10,AMHARA,BAHIR DAR ZURIA,andasa,21,0,0,21,0,1,NA,1,"1,2,3,5",1dy,2,NA,NA,No,,NA,NA,1,NA,1,2,3,2,NA,1,2,1,2,1,NA,1,0,1,1,1,0,1,NA,1,0,0,NA,NA,0,0,1,1
AMAN030935,AMHARA,ANDASA H/CENTER,aman030935,Plate 10,AMHARA,BAHIR DAR ZURIA,andasa,NA,0,0,24,0,2,2,1,"1,2,4,5,6,8",1dy,2,NA,NA,No,,NA,NA,1,NA,1,2,2,2,NA,1,2,1,1,1,NA,1,1,1,NA,1,NA,NA,NA,1,0,0,NA,NA,0,0,2,2
AMAN030982,AMHARA,ANDASA H/CENTER,aman030982,Plate 10,AMHARA,BAHIR DAR ZURIA,andasa,22,0,0,22,0,2,NA,1,"1,3",1dy,2,NA,NA,No,,NA,NA,1,NA,1,2,2,2,NA,2,2,1,1,1,NA,NA,NA,NA,NA,NA,NA,NA,NA,NA,NA,NA,NA,NA,NA,NA,NA,NA
AMAN031006,AMHARA,ANDASA H/CENTER,AMAN031006,Plate 10,AMHARA,BAHIR DAR ZURIA,andasa,2,0,0,18,0,1,NA,1,"1,3,6,7,8",4dy,2,NA,NA,No,,NA,NA,1,NA,1,2,1,0,NA,2,2,1,2,1,NA,NA,NA,NA,NA,NA,NA,NA,NA,NA,NA,NA,NA,NA,NA,NA,NA,NA
AMAN030963,AMHARA,ANDASA H/CENTER,aman030963,Plate 10,AMHARA,BAHIR DAR ZURIA,B/Mariam,20,0,0,20,0,1,NA,1,"1,2,3,5",2dy,2,NA,NA,No,,NA,NA,1,NA,2,,2,0,NA,1,2,1,2,1,NA,NA,NA,NA,NA,NA,NA,NA,NA,NA,NA,NA,NA,NA,NA,NA,NA,NA
AMAN030959,AMHARA,ANDASA H/CENTER,aman030959,Plate 10,AMHARA,BAHIR DAR ZURIA,tsebel,NA,10,NA,22,0,2,NA,1,"1,2,3,4,5,6,7",1dy,2,NA,NA,No,,NA,NA,1,NA,1,2,1,1,NA,2,2,1,1,1,NA,1,0,1,NA,NA,NA,NA,NA,NA,0,0,NA,NA,NA,NA,NA,NA
AMAN030960,AMHARA,ANDASA H/CENTER,aman030960,Plate 10,AMHARA,BAHIR DAR ZURIA,tsebel,1,0,0,50,0,1,NA,1,"1,5,6,7,8",2dy,2,NA,NA,No,,NA,NA,1,NA,2,,1,0,NA,2,2,1,2,1,NA,1,0,1,NA,1,0.873134328,NA,NA,1,0,0,NA,NA,0,0,3,3
AMAN030970,AMHARA,ANDASA H/CENTER,aman030970,Plate 10,AMHARA,BAHIR DAR ZURIA,yemushet,23,0,0,23,0,1,NA,1,"1,2,3,5,6,7",1dy,2,NA,NA,No,,NA,NA,1,NA,1,2,2,2,NA,1,2,1,1,1,1,1,0.023368251,1,NA,1,NA,NA,1,NA,0,0,NA,NA,NA,NA,1,1
AMAN030974,AMHARA,ANDASA H/CENTER,aman030974,Plate 10,AMHARA,BAHIR DAR ZURIA,yigama,10,0,0,25,0,2,NA,1,"1,2,3",1dy,2,NA,NA,No,,NA,NA,1,NA,1,2,2,2,NA,1,2,1,1,1,1,1,0,1,1,1,0,NA,1,1,0,0,NA,NA,0,0,1,1
SNDI071886,S_ETHIOPIA,DILLA H/CENTER,SNDI071886,Plate 14,S_ETHIOPIA,DILLA,Dilla,NA,0,0,12,0,1,NA,1,"1,3,4",3dy,2,NA,NA,No,,NA,NA,1,NA,1,2,1,1,NA,1,2,2,1,1,NA,NA,NA,NA,NA,NA,NA,NA,NA,NA,NA,NA,NA,NA,NA,NA,NA,NA
DILE6089,DIRE DAWA,LEGEHARE H/CENTER,dile6089,Plate 14,DIRE DAWA,DIRE DAWA,dire dawa,1,0,0,26,0,1,NA,1,"2,3,4,6",5dy,2,NA,NA,No,,NA,NA,1,1010,1,3,1,,2011,1,1,1,1,1,NA,1,0,1,NA,0,NA,NA,NA,NA,0,0,NA,NA,NA,NA,NA,NA
DILE6096,DIRE DAWA,LEGEHARE H/CENTER,dile6096,Plate 14,DIRE DAWA,DIRE DAWA,dire dawa,1,0,0,28,0,1,NA,1,"1,3,7",2dy,2,NA,NA,No,,NA,NA,1,316,NA,,2,,NA,1,2,1,2,1,NA,NA,NA,NA,NA,NA,NA,NA,NA,NA,NA,NA,NA,NA,NA,NA,NA,NA
DILE6097,DIRE DAWA,LEGEHARE H/CENTER,dile6097,Plate 14,DIRE DAWA,DIRE DAWA,dire dawa,1,0,0,70,0,1,NA,1,"1,2,4",3dy,2,NA,NA,No,,NA,NA,1,816,2,,3,,NA,2,2,1,2,1,1,1,0.595718654,1,1,0.752416844,0,NA,1,1,0,0,NA,NA,0,0,2,2
DILE6073,DIRE DAWA,LEGEHARE H/CENTER,dile6073,Plate 14,DIRE DAWA,DIRE DAWA,dire dawa,1,0,0,3,0,2,NA,1,"1,2,3",5dy,2,NA,NA,No,,NA,NA,1,518,2,,1,0,NA,2,2,1,2,1,0.384810127,1,1,NA,0.368362832,1,0,1,NA,1,0,0,NA,NA,NA,NA,2,2
AMHA4855,AMHARA,HARBU H/CENTER,AMHA4855,Plate 21,AMHARA,KALLU,Agmas,50,0,0,50,0,2,2,1,"1,2,3,6,7",4dy,2,NA,NA,No,,NA,NA,1,6800,1,2,1,0,2014,2,2,2,2,1,0.896613191,1,0.035529144,1,1,1,0,1,1,1,0,0,NA,NA,0,0,1,1
AMHA1701,AMHARA,HARBU H/CENTER,AMHA1701,Plate 21,AMHARA,KALLU,harbu,15,0,0,15,0,1,NA,1,"1,3",3dy,2,NA,NA,No,,NA,NA,1,NA,1,,2,1,NA,1,2,2,2,1,NA,1,0,1,NA,0,NA,NA,1,NA,NA,NA,NA,NA,NA,NA,NA,NA
AMHA1704,AMHARA,HARBU H/CENTER,AMHA1704,Plate 21,AMHARA,KALLU,harbu,NA,1,NA,20,0,1,NA,1,"1,2,3,5",4dy,2,NA,NA,No,,NA,NA,1,4000,2,,1,1,NA,2,2,2,2,1,1,1,0,1,1,1,NA,NA,1,NA,0,0,NA,NA,0,0,1,1
AMHA1705,AMHARA,HARBU H/CENTER,AMHA1705,Plate 21,AMHARA,KALLU,harbu,1,0,0,20,0,2,1,1,"1,2,3,6",2dy,2,NA,NA,No,,NA,NA,1,600,2,,1,0,NA,2,1,1,2,1,1,NA,NA,NA,1,NA,NA,1,NA,NA,0,0,NA,NA,NA,NA,NA,NA
AMHA4856,AMHARA,HARBU H/CENTER,AMHA4856,Plate 21,AMHARA,KALLU,harbu,6,0,0,6,0,2,NA,1,"1,3,6,7",1dy,2,NA,NA,No,,NA,NA,1,400,1,2,1,1,2014,1,2,NA,1,1,1,1,0,1,0.16418627,0.159446669,0,1,1,1,0,0,NA,NA,0,0,1,1
SEBI1505,S_ETHIOPIA,BIRBIRR H/CENTER,SEBI1505,Plate 11,S_ETHIOPIA,MERAB ABAYA,birbir,15,0,0,15,0,2,2,1,"1,3,4",No,NA,NA,NA,No,,NA,NA,1,NA,2,,3,2,NA,1,2,2,1,1,NA,NA,NA,NA,NA,NA,NA,NA,NA,NA,NA,NA,NA,NA,NA,NA,NA,NA
SEBI1522,S_ETHIOPIA,BIRBIRR H/CENTER,SEBI1522,Plate 11,S_ETHIOPIA,MERAB ABAYA,birbir,19,0,0,19,0,2,2,1,"1,3,7,8",5dy,2,NA,NA,No,,NA,NA,1,NA,2,,3,1,NA,1,2,2,2,1,NA,1,0.057283142,1,0.973170344,0.946535006,0,1,1,1,0,0,NA,NA,0,0,1,1
SEBI1570,S_ETHIOPIA,BIRBIRR H/CENTER,SEBI1570,Plate 11,S_ETHIOPIA,MERAB ABAYA,birbir,13,0,0,13,0,1,NA,1,"1,2,3,6",2dy,2,NA,NA,No,,NA,NA,1,NA,1,2,4,2,NA,2,2,1,1,1,NA,1,0.954331333,1,1,0.916068569,0,1,1,1,0,0,NA,NA,0,0,2,2
SILR5506,SIDAMA,GARA RIKATA H/CENTER,SILR5506,Plate 21,SIDAMA,TULLA,Hawela wondo,12,0,0,30,0,2,2,2,,,2,NA,NA,No,,NA,NA,1,NA,1,2,5,3,NA,2,2,1,1,1,NA,1,1,1,1,1,0,1,1,1,0,0,NA,NA,0,0,2,2
SILR5508,SIDAMA,GARA RIKATA H/CENTER,SILR5508,Plate 21,SIDAMA,TULLA,Hawela wondo,5,0,0,7,0,1,NA,1,"1,2,3,8",2dy,2,NA,NA,No,,NA,NA,1,NA,1,2,4,2,NA,1,2,1,1,1,NA,1,1,1,1,1,0,1,1,1,0,0,NA,NA,0,0,1,1
AMWO031582,AMHARA,WORETA H/CENTER,AMWO031582,Plate 14,AMHARA,WORETA,woreta,5,0,0,36,0,1,NA,1,"1,3,5",4dy,2,NA,NA,No,,NA,NA,1,NA,1,3,3,,NA,1,1,NA,2,NA,NA,1,1,1,1,1,NA,NA,NA,NA,0,0,NA,NA,NA,NA,1,1
AMWO031583,AMHARA,WORETA H/CENTER,AMWO031583,Plate 14,AMHARA,WORETA,woreta,10,0,0,13,0,1,NA,1,"1,3,5",3dy,2,NA,NA,No,,NA,NA,1,NA,1,3,4,0,NA,2,2,2,1,NA,0.101214575,1,0,1,1,0.944862155,0,1,1,1,0,0,NA,NA,0,0,1,1
GAAB2302,GAMBELA,ABOL H/CENTER,GAAB2302,Plate 14,GAMBELA,ABOL,Abol,5,0,0,5,0,1,NA,1,"1,3,5,7",3dy,1,NA,NA,NA,,NA,NA,1,NA,NA,,6,6,NA,2,NA,1,1,2,0,1,0.300567334,1,0.094387755,0.431875238,0,1,0.240904621,1,0,0,NA,NA,0,0,3,2
GAAB2310,GAMBELA,ABOL H/CENTER,GAAB2310,Plate 14,GAMBELA,ABOL,Abol,5,0,0,32,0,2,NA,1,"1,3,5,6,7",2dy,NA,NA,NA,NA,,NA,NA,1,NA,NA,,6,4,NA,1,2,1,1,2,1,1,0,1,0.041489863,0,0,1,1,1,0,0,NA,NA,0,0,2,2
GAAB2311,GAMBELA,ABOL H/CENTER,GAAB2311,Plate 14,GAMBELA,ABOL,Abol,3,0,0,25,0,2,NA,1,"1,3,5,6,7",2dy,1,NA,NA,NA,,NA,NA,1,NA,NA,,NA,,NA,2,2,1,1,2,0,1,1,1,0,0.078846969,0,1,1,1,0,0,NA,NA,0,0,1,1
DILE6088,DIRE DAWA,LEGEHARE H/CENTER,dile6088,Plate 14,DIRE DAWA,DIRE DAWA,dire dawa,NA,0,0,50,0,1,NA,1,,7dy,1,2,NA,NA,,NA,NA,1,912,2,,2,0,0,1,2,2,2,1,NA,NA,NA,1,1,0.51285823,0,NA,NA,NA,NA,NA,NA,NA,NA,NA,1,1
AMAN030956,AMHARA,ANDASA H/CENTER,aman030956,Plate 10,AMHARA,BAHIR DAR ZURIA,nebir gedel,22,0,0,22,0,2,NA,1,"1,2,3,6",1dy,1,2,Chloroquine,No,,NA,NA,1,NA,1,2,2,2,NA,1,2,1,1,1,1,1,0,1,1,1,1,1,1,1,0,0,0,Mutant,0,0,1,1
AMAN031003,AMHARA,ANDASA H/CENTER,AMAN031003,Plate 10,AMHARA,BAHIR DAR ZURIA,yigama,14,0,0,14,0,2,2,1,"1,2,3",3dy,1,2,Chloroquine,No,,NA,NA,1,NA,1,2,2,2,NA,1,2,1,1,1,1,1,0,1,1,1,0,1,1,1,0,0,0,Mutant,0,0,1,1
AMAN030967,AMHARA,ANDASA H/CENTER,aman030967,Plate 10,AMHARA,BAHIR DAR ZURIA,andasa,5,0,0,5,0,1,NA,1,"1,2,3,4,6",2dy,1,NA,Coartem,No,,NA,NA,1,NA,1,2,2,2,NA,1,2,1,1,1,1,1,0,1,1,1,0,1,1,1,0,0,0,Mutant,0,0,1,1
AMAN030968,AMHARA,ANDASA H/CENTER,aman030968,Plate 10,AMHARA,BAHIR DAR ZURIA,andasa,10,0,0,30,0,2,1,1,"1,3,5,6,7",2dy,1,2,Coartem,No,,NA,NA,1,NA,1,2,3,3,NA,1,1,1,1,1,1,1,0,1,1,1,0,1,1,1,0,0,0,Mutant,0,0,1,1
AMAN030958,AMHARA,ANDASA H/CENTER,aman030958,Plate 10,AMHARA,BAHIR DAR ZURIA,tigeza,40,0,0,60,0,2,NA,1,"1,2,3,5,,8",2dy,1,2,Coartem,No,,NA,NA,1,NA,1,2,1,1,NA,2,2,1,1,1,1,1,0,1,0.916878711,1,1,1,1,1,0,0,0,Mutant,0,0,1,1
AMAN031001,AMHARA,ANDASA H/CENTER,AMAN031001,Plate 10,AMHARA,BAHIR DAR ZURIA,tsebei,3,0,0,18,0,2,2,1,"1,2,3,4,5,7,8",2dy,1,1,Coartem,No,,NA,NA,1,NA,2,,1,0,NA,2,2,1,2,1,1,1,0,1,1,1,0,1,1,1,0,0,0,Mutant,0,0,1,1
AMAN031002,AMHARA,ANDASA H/CENTER,AMAN031002,Plate 10,AMHARA,BAHIR DAR ZURIA,yigama,NA,0,0,12,0,2,NA,1,"1,2,3,4,6",1dy,1,2,Coartem,No,,NA,NA,1,NA,1,2,2,2,NA,1,1,1,1,1,1,1,0,1,1,1,0,1,1,1,0,0,0,Mutant,0,0,1,1
AMJI031335,AMHARA,Jiga h/c,AMJI031335,Plate 21,AMHARA,JABIE,yelmder,20,0,0,26,0,2,1,1,1.2.3.4,2dy,1,2,Coartem,No,,NA,NA,1,906,1,2,2,1,2,2,1,2,1,1,1,1,1,1,1,1,0,1,1,1,0,0,0,Mutant,0,0,1,1
SEBI1544,S_ETHIOPIA,BIRBIRR H/CENTER,SEBI1544,Plate 11,S_ETHIOPIA,MERAB ABAYA,birbir,5,0,0,5,0,2,NA,1,"1,3",2dy,1,2,Coartem,No,,NA,NA,1,NA,2,,3,3,NA,2,2,2,2,1,1,1,0,1,1,1,0,1,1,1,0,0,0,Mutant,0,0,1,1
DILE6098,DIRE DAWA,LEGEHARE H/CENTER,dile6098,Plate 14,DIRE DAWA,DIRE DAWA,dire dawa,NA,0,1,23,0,1,NA,1,"1,2,4,5,6,7",7dy,2,NA,NA,Yes,1 month,NA,NA,1,2416,2,,2,,NA,2,2,1,2,1,1,1,0,1,1,1,0,1,1,1,0,0,0,Mutant,0,0,1,1
TGYE3695,TIGRAY,YECHILA P/HOSPITAL,TGYE3695,Plate 14,TIGRAY,ABERGELEYECHILA,A_yechila,NA,0,0,24,0,1,NA,1,"3,5,7",7dy,2,NA,NA,No,,NA,NA,1,NA,2,,1,0,NA,1,1,2,2,1,0.157807309,1,0.149576363,1,1,1,0,1,1,1,0,0,0,Mutant,0,0,2,2
TGYE3699,TIGRAY,YECHILA P/HOSPITAL,TGYE3699,Plate 14,TIGRAY,ABERGELEYECHILA,A_yechila,NA,0,0,25,0,2,NA,1,"1,3,4",3dy,2,NA,NA,No,,NA,NA,1,NA,2,,3,0,NA,2,1,1,2,1,0,1,0,1,1,1,0,1,1,1,0,0,0,Mutant,0,0,2,2
TGYE3704,TIGRAY,YECHILA P/HOSPITAL,TGYE3704,Plate 14,TIGRAY,ABERGELEYECHILA,A_yechila,NA,0,0,10,0,1,NA,1,3,2dy,2,NA,NA,No,,NA,NA,1,NA,1,2,3,2,NA,2,2,1,1,1,0,1,0,1,1,1,0,1,1,1,0,0,0,Mutant,0,0,1,1
TGYE3693,TIGRAY,YECHILA P/HOSPITAL,TGYE3693,Plate 14,TIGRAY,ABERGELEYECHILA,mearey,NA,0,0,13,0,1,NA,1,"1,2,3,6",5dy,2,NA,NA,No,,NA,NA,1,NA,NA,,NA,,NA,NA,NA,NA,NA,NA,0,1,0.271408312,1,1,1,0,1,1,1,0,0,0,Mutant,0,0,1,1
TGYE3698,TIGRAY,YECHILA P/HOSPITAL,TGYE3698,Plate 14,TIGRAY,ABERGELEYECHILA,mearey,NA,0,0,35,0,1,NA,1,"1,2,3,4,5",5dy,2,NA,NA,No,,NA,NA,1,NA,NA,,NA,,NA,NA,NA,NA,NA,NA,0.715019643,1,0,1,1,1,0,1,1,1,0,0,0,Mutant,0,0,1,1
TGYE3700,TIGRAY,YECHILA P/HOSPITAL,TGYE3700,Plate 14,TIGRAY,ABERGELEYECHILA,mearey,NA,6,NA,31,0,1,NA,1,"1,2,3,4,5,6",4dy,2,NA,NA,No,,NA,NA,1,NA,NA,,NA,,NA,2,2,NA,NA,NA,0.463245492,1,0.57299926,1,0.834154827,0.84191947,0,1,1,1,0,0,0,Mutant,0,0,2,2
TGYE3696,TIGRAY,YECHILA P/HOSPITAL,TGYE3696,Plate 14,TIGRAY,ABERGELEYECHILA,N/Birhan,NA,0,0,36,0,1,NA,1,"2,5,7",1dy,2,NA,NA,No,,NA,NA,1,NA,2,,1,0,NA,2,2,1,2,1,1,1,0.870501352,1,1,1,0,1,1,1,0,0,0,Mutant,0,0,1,1
TGYE3697,TIGRAY,YECHILA P/HOSPITAL,TGYE3697,Plate 14,TIGRAY,ABERGELEYECHILA,yechila,NA,0,0,10,0,1,NA,1,"1,2,3,4,5,6",2dy,2,NA,NA,No,,NA,NA,1,NA,NA,,NA,,NA,NA,NA,NA,NA,NA,1,1,0,1,1,1,0,1,1,1,0,0,0,Mutant,0,0,1,1
AMAN030936,AMHARA,ANDASA H/CENTER,aman030936,Plate 10,AMHARA,BAHIR DAR ZURIA,andasa,3,0,0,36,0,1,NA,1,"1,2,3,8",3dy,2,NA,NA,No,,NA,NA,1,NA,2,,2,0,NA,1,2,1,2,1,1,1,1,1,1,1,0,1,1,1,0,0,0,Mutant,0,0,1,1
AMAN030964,AMHARA,ANDASA H/CENTER,aman030964,Plate 10,AMHARA,BAHIR DAR ZURIA,andasa,NA,1,6,18,0,NA,NA,1,"1,2,3,4,5",1dy,2,NA,NA,No,,NA,NA,1,NA,2,,1,0,NA,2,2,1,2,1,1,1,0,1,1,1,0,1,1,1,0,0,0,Mutant,NA,NA,1,1
AMAN030957,AMHARA,ANDASA H/CENTER,aman030957,Plate 10,AMHARA,BAHIRDARZURIA,agdamit,23,0,0,38,0,1,NA,1,"1,3,5",5dy,2,NA,NA,No,,NA,NA,1,NA,2,,2,0,NA,1,2,1,2,1,1,1,0,1,1,0.966232853,1,1,1,1,0,0,0,Mutant,0,0,1,1
DILE6086,DIRE DAWA,LEGEHARE H/CENTER,dile6086,Plate 14,DIRE DAWA,DIRE DAWA,dire dawa,NA,1,NA,35,0,1,NA,1,"1,2,3,4,5",5dy,2,NA,NA,No,,NA,NA,1,430,1,,4,,2015,1,2,1,2,1,1,1,0,1,1,1,0,1,1,1,0,0,0,Mutant,0,0,1,1
DILE6092,DIRE DAWA,LEGEHARE H/CENTER,dile6092,Plate 14,DIRE DAWA,DIRE DAWA,dire dawa,NA,0,0,15,0,2,2,1,"1,3,4",>5dy,2,NA,NA,No,,NA,NA,1,9101,2,,1,NO,NA,2,2,1,2,1,1,1,0,1,1,1,0,1,1,1,0,0,0,Mutant,0,0,1,1
DILE6099,DIRE DAWA,LEGEHARE H/CENTER,dile6099,Plate 14,DIRE DAWA,DIRE DAWA,dire dawa,1,0,0,25,0,2,2,1,"1,2,3",3dy,2,NA,NA,No,,NA,NA,1,2213,1,3,2,1,NA,1,2,1,1,1,1,1,0,1,1,1,0,1,1,1,0,0,0,Mutant,0,0,1,1
AMHA1708,AMHARA,HARBU H/CENTER,AMHA1708,Plate 21,AMHARA,KALLU,harbu,20,0,0,20,0,1,NA,1,"1,2,3,5,6",3dy,2,NA,NA,No,,NA,NA,1,13500,2,,1,0,NA,2,2,1,2,1,1,1,0,1,1,1,0,1,1,1,0,0,0,Mutant,0,0,1,1
AMHA4854,AMHARA,HARBU H/CENTER,AMHA4854,Plate 21,AMHARA,KALLU,harbu,20,0,0,21,0,1,NA,1,"1,3",2dy,2,NA,NA,No,,NA,NA,1,1600,1,2,2,1,NA,1,2,1,1,1,1,1,0,1,0,0,0,1,1,1,0,0,0,Mutant,0,0,1,1
TGYE3689,TIGRAY,YECHILA P/HOSPITAL,TGYE3689,Plate 14,TIGRAY,ABERGELEYECHILA,A_yechila,NA,0,0,18,0,2,2,1,"1,2,3,5",2dy,2,NA,NA,NA,,NA,NA,1,NA,2,,3,0,NA,2,1,1,2,1,0.96875,1,0,1,1,1,0,1,1,1,0,0,0,Mutant,0,0,1,1
TGYE3701,TIGRAY,YECHILA P/HOSPITAL,TGYE3701,Plate 14,TIGRAY,ABERGELEYECHILA,mearey,NA,0,0,6,0,2,2,1,,1dy,NA,NA,NA,NA,,NA,NA,1,NA,NA,,NA,,NA,NA,NA,NA,NA,NA,1,1,0,1,1,1,0,1,1,1,0,0,0,Mutant,0,0,1,1
AMAN030934,AMHARA,ANDASA H/CENTER,aman030934,Plate 10,AMHARA,BAHIR DAR ZURIA,andasa,24,0,0,24,0,1,NA,1,"1,2,5,7",1dy,2,NA,NA,No,,NA,NA,1,NA,1,2,2,2,NA,1,1,1,1,1,0,1,0,1,1,1,0,1,1,1,0,0,0,Mutant,0,0,1,1
AMAN030929,AMHARA,ANDASA H/CENTER,aman030929,Plate 10,AMHARA,BAHIR DAR ZURIA,andasa,12,0,0,12,0,1,NA,1,"1,2,5",1dy,2,NA,NA,No,,NA,NA,1,NA,1,2,2,2,NA,1,2,1,1,1,0.044329675,1,0.03322223,1,1,1,0,1,1,1,0,0,0,Mutant,0,0,1,1
AMAN030969,AMHARA,ANDASA H/CENTER,aman030969,Plate 10,AMHARA,BAHIR DAR ZURIA,yemushet,20,0,0,20,0,1,NA,1,"1,2,3,5",3dy,2,NA,NA,No,,NA,NA,1,NA,1,2,1,1,NA,2,2,1,1,1,1,1,0,1,1,1,0,1,1,1,0,0,0,Mutant,0,0,1,1
AMAN030937,AMHARA,ANDASA H/CENTER,aman030937,Plate 10,AMHARA,BAHIR DAR ZURIA,B/Mariam,NA,0,0,32,0,1,NA,1,"1,3,5,6",2dy,2,NA,NA,No,,NA,NA,1,NA,1,2,2,2,NA,1,1,1,1,1,0.868331543,1,0.845217621,1,1,1,0,1,1,1,0,0,0,Mutant,0,0,1,1
TGYE3708,TIGRAY,YECHILA P/HOSPITAL,TGYE3708,Plate 14,TIGRAY,ABERGELEYECHILA,A_yechila,NA,0,0,7,0,2,NA,NA,,1dy,2,NA,NA,NA,,NA,NA,1,NA,2,,NA,,NA,2,2,2,2,NA,0,1,0,1,1,1,0,1,1,1,0,0,0,Mutant,0,0,4,3
AMAN030961,AMHARA,ANDASA H/CENTER,aman030961,Plate 10,AMHARA,BAHIR DAR ZURIA,andasa,12,0,0,12,0,1,NA,1,"1,2,3,6",2dy,2,NA,NA,No,,NA,NA,1,NA,1,2,1,1,NA,1,2,1,1,1,0.934934397,1,0.057698905,1,1,1,1,1,1,1,0,0,0,Mutant,0,0,1,1
AMAN030939,AMHARA,ANDASA H/CENTER,aman030939,Plate 10,AMHARA,BAHIR DAR ZURIA,yemushet,18,0,0,18,0,2,2,1,"1,2,3,5",2dy,1,2,Chloroquine,No,,NA,NA,1,NA,1,2,1,1,NA,2,2,1,1,1,0.939289805,1,0.718335788,1,0.963029067,0.786301528,0,1,1,1,0,0,0,Mutant,0,0,2,2
TGYE3691,TIGRAY,YECHILA P/HOSPITAL,TGYE3691,Plate 14,TIGRAY,ABERGELEYECHILA,E/Rufael,NA,0,0,28,0,2,1,1,"1,6",1dy,2,NA,NA,No,,NA,NA,1,NA,2,,3,0,NA,1,1,2,2,1,0.033661315,1,0,1,1,1,0,1,1,1,0,0,0,Mutant,0,0,3,3
AMAN030938,AMHARA,ANDASA H/CENTER,aman030938,Plate 10,AMHARA,BAHIR DAR ZURIA,dingay debelo,60,0,0,60,0,1,NA,1,"2,3,5,7",,1,2,Coartem,No,,NA,NA,1,NA,1,2,1,1,NA,2,2,1,1,1,0.782830429,1,0.649400328,1,0.950650468,0.69988576,0,1,1,1,0,0,0,Mutant,0,0,7,7
AMAN031000,AMHARA,ANDASA H/CENTER,AMAN031000,Plate 10,AMHARA,BAHIR DAR ZURIA,teneba,18,0,0,18,0,1,NA,1,"1,2,3,4",,2,NA,NA,No,,NA,NA,1,NA,1,2,2,2,NA,1,1,1,1,1,1,1,0.15147732,1,1,1,0,1,1,1,0,0,0,Mutant,0,0,2,2
AMAN030995,AMHARA,ANDASA H/CENTER,aman030995,Plate 10,AMHARA,BAHIR DAR ZURIA,andasa,45,0,0,45,0,1,NA,1,"1,3,5,7,8",1dy,1,2,NA,No,,NA,NA,1,NA,1,2,2,2,NA,1,2,1,1,1,1,1,0.211809674,1,1,1,0,1,1,1,0,0,0,Mutant,0,0,2,2
AMAN030996,AMHARA,ANDASA H/CENTER,aman030996,Plate 10,AMHARA,BAHIR DAR ZURIA,andasa,15,0,0,35,0,2,2,1,"1,2,3,5,6",2dy,1,2,Chloroquine,No,,NA,NA,1,NA,1,2,3,3,NA,1,1,1,1,1,1,1,0.237691614,1,1,1,0,1,1,1,0,0,0,Mutant,0,0,2,2
AMAN030997,AMHARA,ANDASA H/CENTER,aman030997,Plate 10,AMHARA,BAHIR DAR ZURIA,gacha,20,0,0,20,0,2,2,1,"1,2,3,4,5,6,7",1dy,2,NA,NA,No,,NA,NA,1,NA,1,2,2,2,NA,2,1,1,1,1,1,1,0.286134608,1,1,1,0,1,1,1,0,0,0,Mutant,0,0,2,2
AMAN030998,AMHARA,ANDASA H/CENTER,aman030998,Plate 10,AMHARA,BAHIR DAR ZURIA,teneba,27,0,0,48,0,2,2,1,"1,3,5,7,8",6dy,1,2,Coartem,No,,NA,NA,1,NA,1,2,1,1,NA,2,2,1,1,1,0.832054176,1,0.310563883,1,0.962561232,0.906487538,0,1,1,1,0,0,0,Mutant,0,0,3,3
AMAN030940,AMHARA,ANDASA H/CENTER,aman030940,Plate 10,AMHARA,BAHIR DAR ZURIA,andasa,12,0,0,21,0,2,2,1,"1,2,4,5,7",1dy,2,NA,NA,No,,NA,NA,1,NA,1,2,2,2,NA,1,2,1,1,1,0.826487252,0.972508352,0.656806793,1,0.959356247,0.856641684,0,1,1,1,0,0,0,Mutant,0,0,4,4
AMAN030999,AMHARA,ANDASA H/CENTER,aman030999,Plate 10,AMHARA,BAHIR DAR ZURIA,tikurit,15,0,0,15,0,1,NA,1,"1,,2,4,5,6,7",1dy,1,2,NA,No,,NA,NA,1,NA,1,2,2,2,NA,1,2,1,1,1,1,1,0.334250955,1,1,1,0,1,1,1,0,0,0,Mutant,0,0,2,2
AMAN030994,AMHARA,ANDASA H/CENTER,aman030994,Plate 10,AMHARA,BAHIR DAR ZURIA,andasa,30,0,0,48,0,1,NA,1,"1,3,5,7",4dy,1,2,Coartem,No,,NA,NA,1,NA,1,2,2,2,NA,2,2,1,1,1,1,1,0.365933286,1,1,1,0,1,1,1,0,0,0,Mutant,0,0,2,2
AMAN030941,AMHARA,ANDASA H/CENTER,aman030941,Plate 10,AMHARA,BAHIR DAR ZURIA,teneba,15,0,0,35,0,1,NA,1,"1,2,3,5",1dy,1,2,NA,No,,NA,NA,1,NA,1,2,2,2,NA,1,1,1,1,1,0.35235732,0.909817999,0.555828453,1,0.742966142,0.67562847,0.026455026,1,0.945682451,1,0,0,0,Mutant,0,0,10,10
AMAN030942,AMHARA,ANDASA H/CENTER,aman030942,Plate 10,AMHARA,BAHIR DAR ZURIA,gochia,50,0,0,50,0,1,NA,1,"2,3,5,7,8",3dy,1,2,Coartem,No,,NA,NA,1,NA,1,2,3,2,NA,2,2,1,1,1,0.255416192,0.955920484,0.737770095,1,0.773446546,0.709906635,0.0265625,1,0.935401343,NA,0,0,0,Mutant,0,0,9,9
AMAN030945,AMHARA,ANDASA H/CENTER,aman030945,Plate 10,AMHARA,BAHIR DAR ZURIA,tsebel,NA,6,NA,18,0,2,2,1,"1,2,3,5",1dy,2,NA,NA,No,,NA,NA,1,NA,2,,1,0,NA,2,2,1,2,1,0.604458918,1,0.618304442,1,0.94128924,0.906246104,0,1,1,1,0,0,0,Mutant,0,0,7,7
TGYE3702,TIGRAY,YECHILA P/HOSPITAL,TGYE3702,Plate 14,TIGRAY,ABERGELEYECHILA,mearey,NA,0,0,30,0,1,NA,1,"1,3,4,6",2dy,1,2,NA,NA,,NA,NA,1,NA,NA,,NA,,NA,2,2,2,2,1,0,1,0,1,0.762269659,0.725991711,0,1,1,1,0,0,0,Mutant,0,0,1,1
DILE6087,DIRE DAWA,LEGEHARE H/CENTER,dile6087,Plate 14,DIRE DAWA,DIRE DAWA,dire dawa,5,0,0,25,0,1,NA,1,"1,2,3",3dy,2,NA,NA,No,,NA,NA,1,526,2,,2,,NA,1,1,1,2,1,1,1,1,1,1,1,0,1,1,1,0,0,0,Mutant,0,0,3,3
TGYE3694,TIGRAY,YECHILA P/HOSPITAL,TGYE3694,Plate 14,TIGRAY,ABERGELEYECHILA,A_yechila,NA,0,0,4,0,1,NA,1,"1,4",3dy,2,NA,NA,No,,NA,NA,1,NA,1,,4,1,NA,1,2,2,2,1,0,1,0,1,0.121907422,0.09970316,0,1,1,1,0,0,0,Mutant,0,0,2,2
AMAN030953,AMHARA,ANDASA H/CENTER,aman030953,Plate 10,AMHARA,BAHIR DAR ZURIA,tsebel,1,0,0,45,0,1,NA,1,"1,2,3,5",4dy,1,2,Coartem,No,,NA,NA,1,NA,1,2,1,1,NA,2,2,1,1,1,0.916994411,1,0.877627885,1,1,1,0,1,1,1,0,0,0,Mutant,0,0,2,2
TGYE3709,TIGRAY,YECHILA P/HOSPITAL,TGYE3709,Plate 14,TIGRAY,ABERGELEYECHILA,A_yechila,NA,0,0,31,0,2,2,1,"1,4,6,7",1dy,2,NA,NA,No,,NA,NA,1,NA,NA,,NA,,NA,1,2,2,2,1,0.067700987,1,0,1,1,1,0,1,1,1,0,0,0,Mutant,0,0,2,2
AMAN030976,AMHARA,ANDASA H/CENTER,aman030976,Plate 10,AMHARA,BAHIR DAR ZURIA,andasa,25,0,0,35,0,2,2,1,"1,2,3,5",1dy,1,2,Coartem,No,,NA,NA,1,NA,1,2,2,2,NA,1,1,1,1,1,0.978089254,1,0,1,1,0.970446735,0,1,1,1,0,0,0,Mutant,0,0,2,2
SNDI071900,S_ETHIOPIA,DILLA H/CENTER,SNDI071900,Plate 14,S_ETHIOPIA,DILLA,Dilla,NA,0,0,6,0,2,NA,1,"1,2,4",3dy,1,1,NA,No,,NA,NA,1,NA,1,3,3,1,2015,1,2,2,2,1,1,1,1,1,1,1,0,1,1,1,0,1,0,Wildtype,0,0,1,1
SEBI1578,S_ETHIOPIA,BIRBIRR H/CENTER,SEBI1578,Plate 11,S_ETHIOPIA,MERAB ABAYA,birbir,25,0,0,25,0,2,2,1,"1,3,7",3dy,1,2,Chloroquine,Yes,5dy,NA,NA,1,NA,1,2,3,3,NA,1,2,1,2,1,NA,1,1,1,1,0.975602877,0,1,1,1,0,0,0,Wildtype,0,0,1,1
SEBI1512,S_ETHIOPIA,BIRBIRR H/CENTER,SEBI1512,Plate 11,S_ETHIOPIA,MERAB ABAYA,birbir,1,0,0,8,0,1,NA,1,"1,3,4",1dy,1,2,Chloroquine,Yes,15dy,NA,NA,1,NA,1,1,1,0,NA,1,2,2,2,1,1,1,1,1,1,1,0,1,1,1,0,0,0,Wildtype,0,0,1,1
SEBI1530,S_ETHIOPIA,BIRBIRR H/CENTER,SEBI1530,Plate 11,S_ETHIOPIA,MERAB ABAYA,birbir,5,0,0,5,0,1,NA,1,"1,3,7",1 week,1,2,Chloroquine,Yes,5dy,NA,NA,1,NA,1,2,3,2,NA,2,1,2,2,1,0.042748092,1,0.979166667,1,0.975585938,0.897403286,0,1,0.083016257,1,0,0,0,Wildtype,0,0,2,2
SEBI1591,S_ETHIOPIA,BIRBIRR H/CENTER,SEBI1591,Plate 11,S_ETHIOPIA,MERAB ABAYA,birbir,25,0,0,25,0,2,2,1,"1,3",3dy,1,NA,Chloroquine,Yes,3dy,NA,NA,1,NA,2,,3,3,NA,1,2,1,2,1,1,1,0.708985248,1,1,1,0,1,1,1,0,0,0,Wildtype,0,0,2,2
SEBI1552,S_ETHIOPIA,BIRBIRR H/CENTER,SEBI1552,Plate 11,S_ETHIOPIA,MERAB ABAYA,molle,12,0,0,12,0,2,2,1,"1,3",3dy,1,2,Chloroquine,Yes,3dy,NA,NA,1,NA,1,2,3,2,NA,1,2,2,2,1,1,1,1,1,1,1,0,1,1,1,0,0,0,Wildtype,0,0,2,2
AMAN030946,AMHARA,ANDASA H/CENTER,aman030946,Plate 10,AMHARA,BAHIR DAR ZURIA,andasa,30,0,0,38,0,2,2,1,"1,2,3,5,6,7",2dy,1,2,Chloroquine,No,,NA,NA,1,NA,1,2,2,2,NA,1,2,1,1,1,1,1,1,1,1,1,0,1,1,1,0,0,0,Wildtype,0,0,1,1
AMAN030948,AMHARA,ANDASA H/CENTER,aman030948,Plate 10,AMHARA,BAHIR DAR ZURIA,andasa,12,0,0,12,0,2,NA,1,"1,2,3,5,6",4dy,1,2,Chloroquine,No,,NA,NA,1,NA,1,2,2,2,NA,1,1,1,1,1,1,1,1,1,1,1,0,1,1,1,0,0,0,Wildtype,0,0,1,1
AMAN030989,AMHARA,ANDASA H/CENTER,aman030989,Plate 10,AMHARA,BAHIR DAR ZURIA,andasa,50,0,0,50,0,2,NA,1,"1,2,3,5,7",4dy,1,2,Chloroquine,No,,NA,NA,1,NA,1,2,1,1,1,2,2,1,1,1,1,1,1,1,1,1,0,1,1,1,0,0,0,Wildtype,0,0,1,1
AMAN030992,AMHARA,ANDASA H/CENTER,aman030992,Plate 10,AMHARA,BAHIR DAR ZURIA,andasa,18,0,0,18,0,2,2,1,"1,2,3,4,6,7",3dy,1,2,Chloroquine,No,,NA,NA,1,NA,1,2,2,2,NA,1,2,1,1,1,1,1,1,1,1,1,0,1,1,1,0,0,0,Wildtype,0,0,1,1
AMAN030951,AMHARA,ANDASA H/CENTER,aman030951,Plate 10,AMHARA,BAHIR DAR ZURIA,tikurit,50,0,0,50,0,2,2,1,"1,2,3,5,7",3dy,1,2,Chloroquine,No,,NA,NA,1,NA,1,2,2,2,NA,2,2,1,1,1,1,1,1,1,1,1,0,1,1,1,0,0,0,Wildtype,0,0,1,1
AMAN031010,AMHARA,ANDASA H/CENTER,AMAN031010,Plate 10,AMHARA,BAHIR DAR ZURIA,tikurit,15,0,0,15,0,1,2,1,"1,2,5",1dy,1,2,Chloroquine,No,,NA,NA,1,NA,1,2,2,2,NA,2,1,1,1,1,1,1,0,1,1,1,0,1,1,1,0,0,0,Wildtype,0,0,1,1
AMAN031007,AMHARA,ANDASA H/CENTER,AMAN031007,Plate 10,AMHARA,BAHIR DAR ZURIA,yemushet,17,0,0,17,0,2,NA,1,"1,3",1dy,1,2,Chloroquine,No,,NA,NA,1,NA,1,2,2,2,NA,1,2,1,1,1,1,1,0,1,1,1,0,1,1,1,0,0,0,Wildtype,0,0,1,1
AMAN031014,AMHARA,ANDASA H/CENTER,AMAN031014,Plate 10,AMHARA,BAHIR DAR ZURIA,yemushet,NA,0,0,12,0,NA,NA,1,"1,2,6",1dy,1,2,Chloroquine,No,,NA,NA,1,NA,1,2,2,1,NA,1,1,1,1,1,1,1,0,1,1,1,0,1,1,1,0,0,0,Wildtype,0,0,1,1
SEBI1568,S_ETHIOPIA,BIRBIRR H/CENTER,SEBI1568,Plate 11,S_ETHIOPIA,MERAB ABAYA,allege,30,0,0,30,0,1,NA,1,"1,3,7",3dy,1,2,Chloroquine,No,,NA,NA,1,NA,1,3,3,3,NA,2,1,2,2,1,1,1,1,1,1,1,0,1,1,1,0,0,0,Wildtype,0,0,2,2
SEBI1569,S_ETHIOPIA,BIRBIRR H/CENTER,SEBI1569,Plate 11,S_ETHIOPIA,MERAB ABAYA,birbir,25,0,0,25,0,2,2,1,"1,4,7",3dy,1,2,Chloroquine,No,,NA,NA,1,NA,2,,3,2,NA,2,1,1,2,1,0.970863684,0,1,1,1,0.939677068,0,1,0.965903037,1,0,0,0,Wildtype,0,0,1,1
SEBI1564,S_ETHIOPIA,BIRBIRR H/CENTER,SEBI1564,Plate 11,S_ETHIOPIA,MERAB ABAYA,delbo,15,0,0,15,0,1,NA,1,"1,3,5,7",1dy,1,2,Chloroquine,No,,NA,NA,1,NA,1,2,3,3,NA,1,1,1,2,1,1,1,1,1,1,1,0,1,1,1,0,0,0,Wildtype,0,0,1,1
SEBI1558,S_ETHIOPIA,BIRBIRR H/CENTER,SEBI1558,Plate 11,S_ETHIOPIA,MERAB ABAYA,birbir,12,0,0,32,0,1,NA,1,"1,3,5,6",3dy,1,2,Chloroquine,Yes,1week,NA,NA,1,NA,2,,3,3,NA,1,1,2,2,1,1,1,0.97794833,1,1,1,0,1,1,1,0,1,0,Wildtype,0,0,2,2
SEBI1528,S_ETHIOPIA,BIRBIRR H/CENTER,SEBI1528,Plate 11,S_ETHIOPIA,MERAB ABAYA,allege,16,0,0,16,0,1,NA,1,"1,3",2dy,1,2,Chloroquine,Yes,3dy,NA,NA,1,NA,1,,1,2,NA,2,2,2,2,1,0.379177378,0.960034538,0.855433576,1,0.849061887,0.751676273,0,1,0.955538809,1,0,0,0,Wildtype,0,0,10,10
AMJI031341,AMHARA,Jiga h/c,AMJI031341,Plate 21,AMHARA,JABIE,merder,7,0,0,7,0,1,NA,1,1.2.3,2dy,1,2,Coartem,Yes,5,NA,NA,1,706,1,1,2,2,2,1,NA,1,2,1,1,1,0,1,0,0,0,1,1,1,0,0,0,Wildtype,0,0,1,1
SEBI1554,S_ETHIOPIA,BIRBIRR H/CENTER,SEBI1554,Plate 11,S_ETHIOPIA,MERAB ABAYA,alge,19,0,0,19,0,1,NA,1,"1,3",7dy,1,2,Coartem,Yes,1 month,NA,NA,1,NA,2,,3,3,2,2,2,2,2,1,0.08068583,1,1,1,0.090147921,0.08873533,0,1,1,1,0,0,0,Wildtype,0,0,3,3
SEBI1502,S_ETHIOPIA,BIRBIRR H/CENTER,SEBI1502,Plate 11,S_ETHIOPIA,MERAB ABAYA,allege,6,0,0,6,0,2,NA,1,"1,3",6 month,1,2,Coartem,Yes,2dy,NA,NA,1,NA,1,2,3,2,NA,2,1,NA,1,1,1,1,1,1,1,1,0,1,1,1,0,0,0,Wildtype,0,0,1,1
SEBI1503,S_ETHIOPIA,BIRBIRR H/CENTER,SEBI1503,Plate 11,S_ETHIOPIA,MERAB ABAYA,allege,9,0,0,9,0,1,NA,1,"1,3,7",1 month,1,3,Coartem,Yes,1 month,NA,NA,1,NA,1,3,3,3,NA,1,2,2,2,1,1,1,1,1,1,1,0,1,1,1,0,0,0,Wildtype,0,0,1,1
SEBI1504,S_ETHIOPIA,BIRBIRR H/CENTER,SEBI1504,Plate 11,S_ETHIOPIA,MERAB ABAYA,allege,4,0,0,4,0,1,NA,1,"1,3,4,6",1yr,1,2,Coartem,Yes,1dy,NA,NA,1,NA,1,2,2,2,NA,1,2,2,1,1,1,0,1,1,1,1,0,1,1,1,0,0,0,Wildtype,0,0,1,1
SEBI1506,S_ETHIOPIA,BIRBIRR H/CENTER,SEBI1506,Plate 11,S_ETHIOPIA,MERAB ABAYA,allege,17,0,0,17,0,2,2,1,1,2 month,1,NA,Coartem,Yes,2 month,NA,NA,1,NA,1,1,2,2,NA,1,2,2,2,1,0.954270343,1,1,1,1,0.957574245,0,1,1,1,0,0,0,Wildtype,0,0,3,3
SEBI1507,S_ETHIOPIA,BIRBIRR H/CENTER,SEBI1507,Plate 11,S_ETHIOPIA,MERAB ABAYA,allege,25,0,0,25,0,1,NA,1,"1,3,8",1yr,1,3,Coartem,Yes,2 week,NA,NA,1,NA,1,1,2,2,NA,2,2,2,1,1,0.973368842,0.023239486,1,1,1,0.965409191,0,1,1,1,0,0,0,Wildtype,0,0,1,1
SEBI1509,S_ETHIOPIA,BIRBIRR H/CENTER,SEBI1509,Plate 11,S_ETHIOPIA,MERAB ABAYA,allege,18,0,0,18,0,1,NA,1,"1,3",3 month,1,2,Coartem,Yes,3 month,NA,NA,1,NA,1,2,2,2,NA,1,2,2,2,1,1,1,1,1,1,1,0,1,1,1,0,0,0,Wildtype,0,0,1,1
SEBI1510,S_ETHIOPIA,BIRBIRR H/CENTER,SEBI1510,Plate 11,S_ETHIOPIA,MERAB ABAYA,allege,17,0,0,17,0,1,NA,1,"1,3,4,5,8",1yr,1,2,Coartem,Yes,1 week,NA,NA,1,NA,1,1,4,3,3,2,2,2,2,1,1,1,1,1,1,1,0,1,1,1,0,0,0,Wildtype,0,0,1,1
SEBI1513,S_ETHIOPIA,BIRBIRR H/CENTER,SEBI1513,Plate 11,S_ETHIOPIA,MERAB ABAYA,allege,11,0,0,11,0,1,NA,1,"1,3",1week,1,2,Coartem,Yes,6dy,NA,NA,1,NA,2,,2,3,NA,2,2,2,2,1,0.973512907,1,1,1,1,1,0,1,1,1,0,0,0,Wildtype,0,0,1,1
SEBI1514,S_ETHIOPIA,BIRBIRR H/CENTER,SEBI1514,Plate 11,S_ETHIOPIA,MERAB ABAYA,allege,8,0,0,8,0,2,2,1,"1,3,4,7",5dy,1,3,Coartem,Yes,1 week,NA,NA,1,NA,2,,3,1,NA,1,1,2,2,1,0.977701544,1,1,1,1,1,0,1,1,1,0,0,0,Wildtype,0,0,1,1
SEBI1515,S_ETHIOPIA,BIRBIRR H/CENTER,SEBI1515,Plate 11,S_ETHIOPIA,MERAB ABAYA,allege,17,0,0,17,0,1,NA,1,"1,3",17dy,1,2,Coartem,Yes,6dy,NA,NA,1,NA,1,1,3,3,NA,2,2,1,1,1,1,1,1,1,1,1,0,1,1,1,0,0,0,Wildtype,0,0,1,1
SEBI1516,S_ETHIOPIA,BIRBIRR H/CENTER,SEBI1516,Plate 11,S_ETHIOPIA,MERAB ABAYA,allege,20,0,0,20,0,2,2,1,"1,3,4",20dy,1,2,Coartem,Yes,3dy,NA,NA,1,NA,1,1,1,1,NA,1,2,1,1,1,1,1,1,1,1,1,0,1,1,1,0,0.29302577,0,Wildtype,0,0,2,2
SEBI1534,S_ETHIOPIA,BIRBIRR H/CENTER,SEBI1534,Plate 11,S_ETHIOPIA,MERAB ABAYA,allege,18,0,0,18,0,1,NA,1,"1,3",3dy,1,2,Coartem,Yes,5dy,NA,NA,1,NA,2,,3,0,0,1,2,2,2,1,1,1,1,1,1,1,0,1,1,1,0,0,0,Wildtype,0,0,4,4
SEBI1539,S_ETHIOPIA,BIRBIRR H/CENTER,SEBI1539,Plate 11,S_ETHIOPIA,MERAB ABAYA,allege,19,0,0,19,0,1,NA,1,"1,3,8",3dy,1,2,Coartem,Yes,5dy,NA,NA,1,NA,1,2,3,3,NA,2,2,2,2,1,1,1,0,1,1,1,0,1,1,1,0,0,0,Wildtype,0,0,1,1
SEBI1583,S_ETHIOPIA,BIRBIRR H/CENTER,SEBI1583,Plate 11,S_ETHIOPIA,MERAB ABAYA,allege,4,0,0,30,0,1,NA,1,"1,3,5,7",2dy,1,2,Coartem,Yes,5dy,NA,NA,1,NA,2,,3,3,NA,1,2,1,2,1,1,1,1,1,1,1,0,1,1,1,0,0,0,Wildtype,0,0,3,3
SEBI1586,S_ETHIOPIA,BIRBIRR H/CENTER,SEBI1586,Plate 11,S_ETHIOPIA,MERAB ABAYA,allege,35,0,0,35,0,2,2,1,"1,3,5",,1,2,Coartem,Yes,5dy,NA,NA,1,NA,2,,4,2,NA,2,2,1,2,1,0,1,1,1,1,1,0,1,1,1,0,0,0,Wildtype,0,0,1,1
SEBI1588,S_ETHIOPIA,BIRBIRR H/CENTER,SEBI1588,Plate 11,S_ETHIOPIA,MERAB ABAYA,allege,19,0,0,19,0,2,2,1,"1,3,4",3dy,1,2,Coartem,Yes,,NA,NA,1,NA,2,,2,1,NA,2,2,1,2,1,0.718213058,1,0.927487352,1,0.929306795,0.737389123,0.035574156,1,0.95979021,1,0,0,0,Wildtype,0,0,5,5
SEBI1590,S_ETHIOPIA,BIRBIRR H/CENTER,SEBI1590,Plate 11,S_ETHIOPIA,MERAB ABAYA,allege,NA,0,3,16,0,1,NA,1,"1,3,7",5dy,1,2,Coartem,Yes,5dy,NA,NA,1,NA,2,,3,3,NA,2,1,1,2,1,1,1,1,1,1,1,0,1,1,1,0,0,0,Wildtype,0,0,1,1
SEBI1592,S_ETHIOPIA,BIRBIRR H/CENTER,SEBI1592,Plate 11,S_ETHIOPIA,MERAB ABAYA,allege,13,0,0,13,0,1,NA,1,"1,3,7",1dy,1,2,Coartem,Yes,5dy,NA,NA,1,NA,1,3,3,3,NA,2,2,1,2,1,1,0,1,1,1,1,0,1,1,1,0,0,0,Wildtype,0,0,1,1
SEBI1547,S_ETHIOPIA,BIRBIRR H/CENTER,SEBI1547,Plate 11,S_ETHIOPIA,MERAB ABAYA,birbir,9,0,0,9,0,2,2,1,"1,3,4",,1,2,Coartem,Yes,5dy,NA,NA,1,NA,1,1,2,1,NA,2,2,2,2,1,1,1,1,1,1,1,0,1,1,1,0,0,0,Wildtype,0,0,1,1
SEBI1559,S_ETHIOPIA,BIRBIRR H/CENTER,SEBI1559,Plate 11,S_ETHIOPIA,MERAB ABAYA,birbir,12,0,0,26,0,2,2,1,"1,3,6",2dy,1,NA,Coartem,Yes,3dy,NA,NA,1,NA,2,,3,2,NA,1,2,2,2,1,1,1,1,1,1,1,0,1,1,1,0,0.142663482,0,Wildtype,0,0,1,1
SEBI1566,S_ETHIOPIA,BIRBIRR H/CENTER,SEBI1566,Plate 11,S_ETHIOPIA,MERAB ABAYA,birbir,23,0,0,23,0,2,2,1,3,23dy,1,2,Coartem,Yes,5dy,NA,NA,1,NA,2,,3,3,NA,1,1,2,2,1,1,1,0.956531937,1,1,1,0,1,1,1,0,0,0,Wildtype,0,0,4,4
SEBI1587,S_ETHIOPIA,BIRBIRR H/CENTER,SEBI1587,Plate 11,S_ETHIOPIA,MERAB ABAYA,birbir,35,0,0,35,0,1,NA,1,"1,4,7",5dy,1,2,Coartem,Yes,,NA,NA,1,NA,2,,1,1,NA,2,2,1,2,1,1,1,1,1,1,1,0,1,1,1,0,0,0,Wildtype,0,0,1,1
SEBI1589,S_ETHIOPIA,BIRBIRR H/CENTER,SEBI1589,Plate 11,S_ETHIOPIA,MERAB ABAYA,birbir,13,0,0,13,0,1,NA,1,"1,3,4",4dy,1,2,Coartem,Yes,4dy,NA,NA,1,NA,1,3,2,1,NA,2,2,1,2,1,1,1,0,1,1,1,0,1,1,1,0,0,0,Wildtype,0,0,1,1
SEBI1549,S_ETHIOPIA,BIRBIRR H/CENTER,SEBI1549,Plate 11,S_ETHIOPIA,MERAB ABAYA,ugayehu,8,0,0,8,0,1,NA,1,"1,3,4",6 month,1,2,Coartem,Yes,2dy,NA,NA,1,NA,2,,3,1,NA,1,2,2,2,1,1,1,1,1,1,1,0,1,1,1,0,0,0,Wildtype,0,0,1,1
SEBI1560,S_ETHIOPIA,BIRBIRR H/CENTER,SEBI1560,Plate 11,S_ETHIOPIA,MERAB ABAYA,ugayehu,60,0,0,60,0,1,NA,1,"1,3,7",3dy,1,2,Coartem,Yes,3dy,NA,NA,1,NA,2,,3,3,NA,1,2,1,2,1,1,1,1,1,1,1,0,1,1,1,0,0,0,Wildtype,0,0,1,1
SILR5517,SIDAMA,GARA RIKATA H/CENTER,SILR5517,Plate 21,SIDAMA,TULLA,Aruma,11,0,0,27,0,1,NA,1,"1,2,3,4,5,8",3dy,1,2,Coartem,Yes,2 weeks,NA,NA,1,NA,1,2,2,2,NA,1,1,1,1,1,1,1,1,1,1,1,0,1,1,1,0,0,0,Wildtype,0,0,1,1
SILR5511,SIDAMA,GARA RIKATA H/CENTER,SILR5511,Plate 21,SIDAMA,TULLA,gamato,12,0,0,28,0,1,NA,1,"1,2,3,4,5",2dy,1,2,Coartem,Yes,1 week,NA,NA,1,NA,1,2,3,3,NA,1,1,1,1,1,1,1,1,1,1,1,0,1,1,1,0,0,0,Wildtype,0,0,1,1
SILR5519,SIDAMA,GARA RIKATA H/CENTER,SILR5519,Plate 21,SIDAMA,TULLA,Hawela wondo,2,0,0,19,0,2,2,1,"1,2,3,4,5,8",1dy,1,3,Coartem,Yes,1 week,NA,NA,1,NA,1,2,3,3,NA,1,2,1,1,1,1,1,1,1,1,1,0,1,1,1,0,0,0,Wildtype,0,0,3,2
AMAN030966,AMHARA,ANDASA H/CENTER,aman030966,Plate 10,AMHARA,BAHIR DAR ZURIA,andasa,35,0,0,35,0,1,NA,1,"1,3,5,8",2dy,1,2,Coartem,No,,NA,NA,1,NA,1,2,2,2,NA,1,2,1,1,1,0,1,0,1,1,1,1,1,1,1,0,0,0,Wildtype,0,0,1,1
AMAN030971,AMHARA,ANDASA H/CENTER,aman030971,Plate 10,AMHARA,BAHIR DAR ZURIA,andasa,30,0,0,60,0,2,2,1,"1,3,7,8",2dy,1,2,Coartem,No,,NA,NA,1,NA,1,2,1,1,NA,2,2,1,1,1,0.841992501,0.978668204,0.027169213,1,1,0.85669587,0,1,1,1,0,0,0,Wildtype,0,0,2,2
AMAN030980,AMHARA,ANDASA H/CENTER,aman030980,Plate 10,AMHARA,BAHIR DAR ZURIA,andasa,14,0,0,14,0,2,2,1,"1,2,3,6",1dy,1,2,Coartem,No,,NA,NA,1,NA,1,2,3,3,NA,1,2,1,1,1,1,1,0,1,1,1,0,1,1,1,0,0,0,Wildtype,0,0,1,1
AMAN031004,AMHARA,ANDASA H/CENTER,AMAN031004,Plate 10,AMHARA,BAHIR DAR ZURIA,andasa,20,0,0,60,0,1,NA,1,"1,2,3,5,7,8",2dy,1,2,Coartem,No,,NA,NA,1,NA,1,2,1,1,NA,2,2,1,1,1,1,1,0,1,1,1,0,1,1,1,0,0,0,Wildtype,0,0,1,1
AMAN031017,AMHARA,ANDASA H/CENTER,AMAN031017,Plate 10,AMHARA,BAHIR DAR ZURIA,andasa,20,0,0,32,0,2,2,1,"1,2,3,5",3dy,1,2,Coartem,No,,NA,NA,1,NA,1,2,2,1,NA,1,1,1,1,1,0.96621228,1,1,1,1,0.966147544,0.976850177,1,1,1,0,0,0,Wildtype,0,0,1,1
AMAN031019,AMHARA,ANDASA H/CENTER,AMAN031019,Plate 10,AMHARA,BAHIR DAR ZURIA,andasa,10,0,0,10,0,2,2,1,"1,2,3,4",3dy,1,2,Coartem,No,,NA,NA,1,NA,1,2,2,2,NA,1,1,1,2,1,1,1,1,1,1,0.947162965,1,1,1,1,0,0,0,Wildtype,0,0,1,1
AMAN031008,AMHARA,ANDASA H/CENTER,AMAN031008,Plate 10,AMHARA,BAHIR DAR ZURIA,B/Mariam,20,0,0,32,0,2,2,1,"1,2,3,7,8",5dy,1,2,Coartem,No,,NA,NA,1,NA,NA,,2,2,NA,1,1,1,1,1,1,1,0,1,1,1,0,1,1,1,0,0,0,Wildtype,0,0,1,1
AMAN030978,AMHARA,ANDASA H/CENTER,aman030978,Plate 10,AMHARA,BAHIR DAR ZURIA,geuochia,30,0,0,55,0,2,2,1,"1,3,5,7,8",1dy,1,2,Coartem,No,,NA,NA,1,NA,1,2,2,2,NA,1,2,1,1,1,1,1,0,1,1,1,0,1,1,1,0,0,0,Wildtype,0,0,1,1
AMAN030986,AMHARA,ANDASA H/CENTER,aman030986,Plate 10,AMHARA,BAHIR DAR ZURIA,gochia,16,0,0,18,0,1,NA,1,"1,2,3,5,7",3dy,1,2,Coartem,No,,NA,NA,1,NA,1,2,1,1,NA,2,1,1,2,NA,1,1,1,1,1,1,0,1,1,1,0,0,0,Wildtype,0,0,1,1
AMAN030987,AMHARA,ANDASA H/CENTER,aman030987,Plate 10,AMHARA,BAHIR DAR ZURIA,gochia,40,0,0,40,0,1,NA,1,"1,2,3,4",3dy,1,2,Coartem,No,,NA,NA,1,NA,1,2,2,2,NA,2,1,1,1,1,1,1,1,1,1,1,0,1,1,1,0,0,0,Wildtype,0,0,1,1
AMAN030947,AMHARA,ANDASA H/CENTER,aman030947,Plate 10,AMHARA,BAHIR DAR ZURIA,teneba,30,0,0,65,0,1,NA,1,"3,5,7,8",2dy,1,2,Coartem,No,,NA,NA,1,NA,1,2,2,2,NA,2,2,1,1,1,1,1,1,1,1,0.978225806,0,1,1,1,0,0,0,Wildtype,0,0,1,1
AMAN030949,AMHARA,ANDASA H/CENTER,aman030949,Plate 10,AMHARA,BAHIR DAR ZURIA,tigeza,NA,0,0,35,0,1,NA,1,"1,3,6",,1,2,Coartem,No,,NA,NA,1,NA,1,2,2,2,NA,1,1,1,1,1,1,1,1,1,1,1,0,1,1,1,0,0,0,Wildtype,0,0,1,1
AMAN030993,AMHARA,ANDASA H/CENTER,aman030993,Plate 10,AMHARA,BAHIR DAR ZURIA,tigeza,20,0,0,30,0,NA,NA,1,"1,3,5,8",2dy,1,2,Coartem,No,,NA,NA,1,NA,1,2,3,3,NA,1,2,1,1,1,1,1,1,1,1,1,0,1,1,1,0,0,0,Wildtype,0,0,1,1
AMAN030979,AMHARA,ANDASA H/CENTER,aman030979,Plate 10,AMHARA,BAHIR DAR ZURIA,tikurit,2,0,0,21,0,2,1,1,"1,3,4,5,6,7,8",1dy,1,2,Coartem,No,,NA,NA,1,NA,1,2,2,2,NA,1,1,1,1,1,1,1,0,1,1,1,NA,NA,1,NA,0,0,0,Wildtype,0,0,1,1
AMAN030977,AMHARA,ANDASA H/CENTER,aman030977,Plate 10,AMHARA,BAHIR DAR ZURIA,tsebel,1,0,0,19,0,1,NA,1,"1,2,3,5,6",2dy,1,2,Coartem,No,,NA,NA,1,NA,2,,1,0,NA,2,2,1,2,1,1,1,0.973285818,1,1,1,0,1,1,1,0,0,0,Wildtype,0,0,1,1
AMAN030944,AMHARA,ANDASA H/CENTER,aman030944,Plate 10,AMHARA,BAHIR DAR ZURIA,yemushet,NA,0,0,26,0,2,2,1,"1,5,6",1dy,1,2,Coartem,No,,NA,NA,1,NA,1,2,2,2,NA,1,2,1,1,1,1,1,1,1,1,1,0,1,1,1,0,0,0,Wildtype,0,0,1,1
AMAN030952,AMHARA,ANDASA H/CENTER,aman030952,Plate 10,AMHARA,BAHIR DAR ZURIA,yemushet,25,0,0,25,0,2,2,1,"1,2,3,5,6,7",3dy,1,2,Coartem,No,,NA,NA,1,NA,1,2,1,1,NA,1,2,1,1,1,1,1,1,1,1,1,0,1,1,1,0,0,0,Wildtype,0,0,1,1
AMAN030973,AMHARA,ANDASA H/CENTER,aman030973,Plate 10,AMHARA,BAHIR DAR ZURIA,yemushet,18,0,0,18,0,2,2,1,"1,2,3,4",2dy,1,2,Coartem,No,,NA,NA,1,NA,1,2,3,2,NA,2,2,1,1,1,1,1,0,1,1,1,0,1,1,1,0,0,0,Wildtype,0,0,1,1
AMAN031012,AMHARA,ANDASA H/CENTER,AMAN031012,Plate 10,AMHARA,BAHIR DAR ZURIA,yemushet,18,0,0,18,0,1,NA,1,"1,3,6,7",2dy,1,2,Coartem,No,,NA,NA,1,NA,1,2,2,2,NA,1,2,1,1,1,1,1,0,1,1,1,0,1,1,1,0,0,0,Wildtype,0,0,1,1
AMAN031013,AMHARA,ANDASA H/CENTER,AMAN031013,Plate 10,AMHARA,BAHIR DAR ZURIA,yemushet,21,0,0,32,0,2,1,1,"1,2,3,5",1dy,1,3,Coartem,No,,NA,NA,1,NA,1,2,2,2,NA,1,2,1,1,1,1,1,0,1,1,1,0,1,1,1,0,0,0,Wildtype,0,0,1,1
AMAN031018,AMHARA,ANDASA H/CENTER,AMAN031018,Plate 10,AMHARA,BAHIR DAR ZURIA,yemushet,25,0,0,25,0,2,2,1,"1,2,3,6",1dy,1,1,Coartem,No,,NA,NA,1,NA,1,2,2,2,NA,2,1,1,1,1,0.895238095,0.959214502,0.959214502,1,0.965255448,1,0.938937351,1,1,1,0,0,0,Wildtype,0,0,1,1
AMJI031343,AMHARA,Jiga h/c,AMJI031343,Plate 21,AMHARA,JABIE,hodash,17,0,0,18,0,1,NA,1,2.3.5.6,3dy,1,1,Coartem,No,,NA,NA,1,1820,1,1,2,1,2,1,NA,1,2,1,0.034090909,1,0,1,1,1,0,1,0.026711698,1,0.471264368,0,0,Wildtype,0,0,3,3
AMJI031333,AMHARA,Jiga h/c,AMJI031333,Plate 21,AMHARA,JABIE,yelmder,10,0,0,31,0,2,2,1,1.2.5.4,3dy,1,2,Coartem,No,,NA,NA,1,940,1,2,2,2,2,2,2,2,1,1,1,1,1,1,1,0.967564259,0,1,1,1,0.936933107,0,0,Wildtype,0,0,1,1
AMJI031339,AMHARA,Jiga h/c,AMJI031339,Plate 21,AMHARA,JABIE,yelmder,40,0,0,40,0,2,2,1,1.5.6.,3dy,1,2,Coartem,No,,NA,NA,1,2440,1,1,2,1,2,1,2,2,2,1,1,1,0.646886252,1,1,1,0,1,1,1,0.3104,0,0,Wildtype,0,0,2,2
SEBI1508,S_ETHIOPIA,BIRBIRR H/CENTER,SEBI1508,Plate 11,S_ETHIOPIA,MERAB ABAYA,allege,20,0,0,20,0,1,NA,1,"1,3,5",1dy,1,3,Coartem,No,,NA,NA,1,NA,2,,2,3,NA,1,2,2,1,1,1,0,1,1,1,1,0,1,1,1,0,0,0,Wildtype,0,0,1,1
SEBI1518,S_ETHIOPIA,BIRBIRR H/CENTER,SEBI1518,Plate 11,S_ETHIOPIA,MERAB ABAYA,allege,11,0,0,11,0,1,NA,1,"1,3",2 month,1,2,Coartem,No,,NA,NA,1,NA,1,2,3,3,NA,1,2,1,1,1,1,1,1,1,1,1,0,1,1,1,0,0,0,Wildtype,0,0,1,1
SEBI1520,S_ETHIOPIA,BIRBIRR H/CENTER,SEBI1520,Plate 11,S_ETHIOPIA,MERAB ABAYA,allege,17,0,0,17,0,NA,NA,1,"1,3,7,8",3dy,1,2,Coartem,No,,NA,NA,1,NA,1,3,7,1,NA,1,2,2,2,1,1,0.155698637,1,1,1,1,0,1,1,1,0,0.152322614,0,Wildtype,0,0,2,2
SEBI1524,S_ETHIOPIA,BIRBIRR H/CENTER,SEBI1524,Plate 11,S_ETHIOPIA,MERAB ABAYA,allege,11,0,0,11,0,2,2,1,1,1dy,1,2,Coartem,No,,NA,NA,1,NA,1,1,3,3,NA,1,2,1,1,1,1,1,1,1,1,1,0,1,1,1,0,1,0,Wildtype,0,0,1,1
SEBI1525,S_ETHIOPIA,BIRBIRR H/CENTER,SEBI1525,Plate 11,S_ETHIOPIA,MERAB ABAYA,allege,6,0,0,6,0,1,NA,1,"1,3",2 month,1,2,Coartem,No,,NA,NA,1,NA,1,1,3,3,NA,1,2,1,1,1,1,0,1,1,1,1,0,1,1,1,0,0,0,Wildtype,0,0,1,1
SEBI1526,S_ETHIOPIA,BIRBIRR H/CENTER,SEBI1526,Plate 11,S_ETHIOPIA,MERAB ABAYA,allege,28,0,0,28,0,2,2,1,1,1 month,1,2,Coartem,No,,NA,NA,1,NA,1,1,2,2,NA,1,2,1,NA,1,1,0.857413728,1,1,1,1,0,1,1,1,0,0.142681048,0,Wildtype,0,0,3,3
SEBI1536,S_ETHIOPIA,BIRBIRR H/CENTER,SEBI1536,Plate 11,S_ETHIOPIA,MERAB ABAYA,allege,11,0,0,11,0,NA,2,1,"1,4,7",4dy,1,2,Coartem,No,,NA,NA,1,NA,NA,,2,1,NA,NA,2,2,2,1,0.045375218,1,0.031892892,1,1,0.976627713,0,1,1,1,0,0,0,Wildtype,0,0,1,1
SEBI1537,S_ETHIOPIA,BIRBIRR H/CENTER,SEBI1537,Plate 11,S_ETHIOPIA,MERAB ABAYA,allege,3,0,0,3,0,2,NA,1,"1,3",3dy,1,2,Coartem,No,,NA,NA,1,NA,1,1,3,2,NA,1,NA,1,1,1,1,1,1,1,1,1,0,1,1,1,0,0,0,Wildtype,0,0,2,2
SEBI1538,S_ETHIOPIA,BIRBIRR H/CENTER,SEBI1538,Plate 11,S_ETHIOPIA,MERAB ABAYA,allege,6,0,0,6,0,2,NA,1,"1,3,4",7dy,1,2,Coartem,No,,NA,NA,1,NA,1,2,3,3,NA,1,1,2,2,1,1,1,1,1,1,1,0,1,1,1,0,0,0,Wildtype,0,0,1,1
SEBI1577,S_ETHIOPIA,BIRBIRR H/CENTER,SEBI1577,Plate 11,S_ETHIOPIA,MERAB ABAYA,allege,18,0,0,18,0,2,2,1,"1,3,7",3dy,1,2,Coartem,No,,NA,NA,1,NA,2,,3,2,NA,1,2,1,2,1,1,1,1,1,1,1,0,1,1,1,0,0,0,Wildtype,0,0,1,1
SEBI1529,S_ETHIOPIA,BIRBIRR H/CENTER,SEBI1529,Plate 11,S_ETHIOPIA,MERAB ABAYA,birbir,19,0,0,19,0,1,NA,1,"1,3,4,7",2weekes,1,2,Coartem,No,,NA,NA,1,NA,1,1,2,1,NA,1,1,1,1,1,1,1,1,1,1,1,0,1,1,1,0,0,0,Wildtype,0,0,1,1
SEBI1533,S_ETHIOPIA,BIRBIRR H/CENTER,SEBI1533,Plate 11,S_ETHIOPIA,MERAB ABAYA,birbir,15,0,0,35,0,2,2,1,"1,3,4,5,6,7",3dy,1,2,Coartem,No,,NA,NA,1,NA,1,1,1,1,2,2,NA,2,2,1,1,1,1,1,1,1,0,1,1,1,0,0,0,Wildtype,0,0,2,2
SEBI1535,S_ETHIOPIA,BIRBIRR H/CENTER,SEBI1535,Plate 11,S_ETHIOPIA,MERAB ABAYA,birbir,17,0,0,17,0,2,2,1,"1,3",20dy,1,2,Coartem,No,,NA,NA,1,NA,1,1,3,3,NA,1,2,2,2,1,1,1,1,1,1,1,0,1,1,1,0,0,0,Wildtype,0,0,1,1
SEBI1501,S_ETHIOPIA,BIRBIRR H/CENTER,SEBI1501,Plate 11,S_ETHIOPIA,MERAB ABAYA,deblo,8,0,0,8,0,2,2,1,"1,3,5",6dy,1,2,Coartem,No,,NA,NA,1,NA,1,1,3,2,NA,1,2,1,1,1,1,1,1,1,1,1,0,1,1,1,0,0,0,Wildtype,0,0,1,1
SEBI1523,S_ETHIOPIA,BIRBIRR H/CENTER,SEBI1523,Plate 11,S_ETHIOPIA,MERAB ABAYA,k/baran,18,0,0,18,0,2,2,1,"1,4",8dy,1,2,Coartem,No,,NA,NA,1,NA,1,2,3,3,NA,1,2,1,1,1,1,0.873395804,1,1,1,1,0,1,1,1,0,0.193889542,0,Wildtype,0,0,5,5
SILR5510,SIDAMA,GARA RIKATA H/CENTER,SILR5510,Plate 21,SIDAMA,TULLA,Aruma,20,0,0,32,0,1,NA,1,"1,2,3,4,5,7",2dy,1,2,Coartem,No,,NA,NA,1,NA,1,2,5,4,NA,2,1,1,1,1,1,1,1,1,1,1,0,1,1,1,0,0,0,Wildtype,0,0,1,1
SILR5518,SIDAMA,GARA RIKATA H/CENTER,SILR5518,Plate 21,SIDAMA,TULLA,Aruma,17,0,0,24,0,1,NA,1,"1,2,3,7",3dy,1,3,Coartem,No,,NA,NA,1,NA,1,2,4,0,0,1,2,NA,2,1,1,1,1,1,1,1,0,1,1,1,0,0,0,Wildtype,0,0,1,1
SILR5513,SIDAMA,GARA RIKATA H/CENTER,SILR5513,Plate 21,SIDAMA,TULLA,Borja,27,0,0,42,0,1,NA,1,"1,2,4,5,6,7",3dy,1,3,Coartem,No,,NA,NA,1,NA,1,2,5,4,NA,2,1,1,1,1,0.924160347,1,0.97139065,1,1,0.946307715,0,1,1,1,0,0,0,Wildtype,0,0,1,1
SILR5507,SIDAMA,GARA RIKATA H/CENTER,SILR5507,Plate 21,SIDAMA,TULLA,gara rikata,9,0,0,18,0,2,2,1,"1,2,3,4",2dy,1,2,Coartem,No,,NA,NA,1,NA,1,2,4,3,NA,2,2,1,1,1,1,1,1,1,1,1,0,1,1,1,0,0,0,Wildtype,0,0,2,2
SILR5514,SIDAMA,GARA RIKATA H/CENTER,SILR5514,Plate 21,SIDAMA,TULLA,gara rikata,7,0,0,22,0,2,2,1,"1,2,3,4,5,8",2dy,1,2,Coartem,No,,NA,NA,1,NA,1,2,2,2,NA,1,2,1,1,1,1,1,1,1,1,1,0,1,1,1,0,0,0,Wildtype,0,0,1,1
SILR5520,SIDAMA,GARA RIKATA H/CENTER,SILR5520,Plate 21,SIDAMA,TULLA,gara rikata,7,0,0,22,0,1,NA,1,"1,2,3,4",2dy,1,2,Coartem,No,,NA,NA,1,NA,1,2,2,2,NA,1,2,1,1,1,1,1,1,1,1,1,0,1,1,1,0,0,0,Wildtype,0,0,1,1
SILR5505,SIDAMA,GARA RIKATA H/CENTER,SILR5505,Plate 21,SIDAMA,TULLA,Hawela wondo,12,0,0,20,0,1,NA,1,"1,2,3,4",2dy,1,2,Coartem,No,,NA,NA,1,NA,1,2,3,2,NA,1,2,1,2,1,1,1,1,1,1,1,0,1,1,1,0,0,0,Wildtype,0,0,1,1
SILR5516,SIDAMA,GARA RIKATA H/CENTER,SILR5516,Plate 21,SIDAMA,TULLA,Hawela wondo,6,0,0,26,0,2,2,1,"2,3,4,5",2dy,1,2,Coartem,No,,NA,NA,1,NA,1,2,4,3,NA,1,2,1,1,1,1,1,1,1,1,1,0,1,1,1,0,0,0,Wildtype,0,0,1,1
SILR5521,SIDAMA,GARA RIKATA H/CENTER,SILR5521,Plate 21,SIDAMA,TULLA,Hawela wondo,5,0,0,25,0,2,2,1,"2,3,4,5",3dy,1,2,Coartem,No,,NA,NA,1,NA,1,2,3,2,NA,1,2,1,2,1,1,1,1,1,1,1,0,1,1,1,0,0,0,Wildtype,0,0,1,1
SEBI1541,S_ETHIOPIA,BIRBIRR H/CENTER,SEBI1541,Plate 11,S_ETHIOPIA,MERAB ABAYA,birbir,12,0,0,12,0,2,1,1,"1,3,4",5dy,1,2,Coartem,NA,,NA,NA,1,NA,1,1,1,1,NA,1,2,2,2,1,1,1,1,1,1,1,0,1,1,1,0,0,0,Wildtype,0,0,1,1
SEBI1540,S_ETHIOPIA,BIRBIRR H/CENTER,SEBI1540,Plate 11,S_ETHIOPIA,MERAB ABAYA,delbo,17,0,0,17,0,2,1,1,"1,3,4",4dy,1,2,Coartem,NA,,NA,NA,1,NA,2,,2,1,2,2,2,2,2,1,1,1,1,1,1,1,0,1,1,1,0,0,0,Wildtype,0,0,1,1
SNDI071905,S_ETHIOPIA,DILLA H/CENTER,SNDI071905,Plate 14,S_ETHIOPIA,DILLA,Dilla,NA,0,0,30,0,1,NA,1,"3,4,6",2dy,1,2,PCM,Yes,3dy,NA,NA,1,NA,1,2,2,2,2015,1,2,1,1,1,1,1,1,1,1,1,0,1,1,1,0,0,0,Wildtype,0,0,1,1
SNDI071892,S_ETHIOPIA,DILLA H/CENTER,SNDI071892,Plate 14,S_ETHIOPIA,DILLA,odomike,NA,8,NA,35,0,1,NA,1,"1,3,4,5,6",2dy,1,1,PCM,No,,NA,NA,1,NA,2,,2,0,NA,1,2,1,2,1,1,1,1,1,1,1,0,1,1,1,0,1,0,Wildtype,0,0,1,1
SILR5501,SIDAMA,GARA RIKATA H/CENTER,SILR5501,Plate 21,SIDAMA,TULLA,Abela ,28,0,0,28,0,1,NA,1,"1,2,3,4,6",4dy,1,NA,PCM,No,,NA,NA,1,NA,1,2,5,3,NA,NA,2,1,1,1,1,1,1,1,1,1,0,1,1,1,0,0,1,Wildtype,0,0,1,1
AFWO3432,AFAR,WORER H/CENTER,AFWO3432,Plate 21,AFAR,AMIBARA,worer,20,0,0,27,0,1,NA,1,"1,2,3,6",,1,3,PCM,No,,NA,NA,1,14320,1,2,2,NO,NA,1,1,1,1,1,1,1,0,1,1,1,0,1,1,1,0,0,0,Wildtype,0,0,1,1
AMAN030983,AMHARA,ANDASA H/CENTER,aman030983,Plate 10,AMHARA,BAHIR DAR ZURIA,andasa,38,0,0,38,0,1,NA,1,"1,2,3,5,7,8",1dy,1,2,Coartem,No,,NA,NA,1,NA,1,2,2,2,NA,1,1,1,1,1,1,1,0.039554088,1,1,1,0,1,1,1,0,0,0,Wildtype,0,0,1,1
SNDI071906,S_ETHIOPIA,DILLA H/CENTER,SNDI071906,Plate 14,S_ETHIOPIA,DILLA,Dilla,NA,6,NA,NA,NA,2,2,1,"1,3",3dy,2,NA,NA,Yes,3dy,NA,NA,1,NA,1,2,2,2,2015,1,2,1,1,1,1,1,1,1,1,1,0,1,1,1,0,0,0,Wildtype,0,0,2,2
DILE6083,DIRE DAWA,LEGEHARE H/CENTER,dile6083,Plate 14,DIRE DAWA,DIRE DAWA,dire dawa,1,0,0,33,0,1,NA,1,"1,2,5,6",5dy,2,NA,NA,Yes,10dy,NA,NA,1,810,1,3,4,NO,NA,2,1,2,2,1,1,1,1,1,1,1,0,1,1,1,0,0,0,Wildtype,0,0,1,1
SEBI1545,S_ETHIOPIA,BIRBIRR H/CENTER,SEBI1545,Plate 11,S_ETHIOPIA,MERAB ABAYA,allege,20,0,0,20,0,1,NA,1,"1,3,6",2dy,2,NA,NA,Yes,5dy,NA,NA,1,NA,2,,3,3,NA,1,2,2,2,1,1,1,1,1,1,1,0,1,1,1,0,0,0,Wildtype,0,0,1,1
SEBI1555,S_ETHIOPIA,BIRBIRR H/CENTER,SEBI1555,Plate 11,S_ETHIOPIA,MERAB ABAYA,allege,48,0,0,48,0,2,2,1,"1,3,7",1dy,2,NA,NA,Yes,3dy,NA,NA,1,NA,1,2,3,3,NA,1,2,1,2,1,0.919184821,1,1,1,1,1,0,1,1,1,0,1,0,Wildtype,0,0,1,1
SEBI1563,S_ETHIOPIA,BIRBIRR H/CENTER,SEBI1563,Plate 11,S_ETHIOPIA,MERAB ABAYA,allege,32,0,0,32,0,1,NA,1,"1,3,7",1dy,2,NA,NA,Yes,4dy,NA,NA,1,NA,2,,3,2,NA,1,2,1,2,1,1,1,0.901398049,NA,NA,1,NA,NA,1,NA,NA,NA,0,Wildtype,NA,NA,3,3
SEBI1584,S_ETHIOPIA,BIRBIRR H/CENTER,SEBI1584,Plate 11,S_ETHIOPIA,MERAB ABAYA,allege,14,0,0,14,0,1,NA,1,"1,,3,7",3dy,2,NA,NA,Yes,5dy,NA,NA,1,NA,1,3,3,3,NA,2,1,1,2,1,1,1,0.331037827,1,1,1,0,1,1,1,0,0,0,Wildtype,0,0,3,3
SEBI1527,S_ETHIOPIA,BIRBIRR H/CENTER,SEBI1527,Plate 11,S_ETHIOPIA,MERAB ABAYA,birbir,14,0,0,14,0,1,NA,1,"1,3,4,6,8",2 weekes,2,NA,NA,Yes,2dy,NA,NA,1,NA,1,2,6,3,NA,2,2,2,2,1,1,1,1,1,1,1,0,1,1,1,0,0,0,Wildtype,0,0,1,1
SEBI1548,S_ETHIOPIA,BIRBIRR H/CENTER,SEBI1548,Plate 11,S_ETHIOPIA,MERAB ABAYA,birbir,10,0,0,10,0,2,NA,1,"1,3",1week,2,NA,NA,Yes,5dy,NA,NA,1,NA,2,,3,3,NA,1,2,2,2,1,1,1,1,1,1,1,0,1,1,1,0,0,0,Wildtype,0,0,1,1
SEBI1531,S_ETHIOPIA,BIRBIRR H/CENTER,SEBI1531,Plate 11,S_ETHIOPIA,MERAB ABAYA,delbo,17,0,0,17,0,1,NA,1,"1,3",1dy,2,NA,NA,Yes,3dy,NA,NA,1,NA,2,,3,0,0,1,2,2,2,1,1,1,1,1,1,1,0,1,1,1,0,0,0,Wildtype,0,0,1,1
TGYE3690,TIGRAY,YECHILA P/HOSPITAL,TGYE3690,Plate 14,TIGRAY,ABERGELEYECHILA,A_yechila,NA,0,0,26,0,1,NA,1,"1,3,5",2dy,2,NA,NA,No,,NA,NA,1,NA,2,,2,0,NA,1,2,1,2,1,0,1,1,1,1,1,0,1,1,1,0,0,0,Wildtype,0,0,1,1
TGYE3706,TIGRAY,YECHILA P/HOSPITAL,TGYE3706,Plate 14,TIGRAY,ABERGELEYECHILA,A_yechila,NA,0,0,1,0,1,NA,2,,2dy,2,NA,NA,No,,NA,NA,1,NA,2,,NA,,NA,2,2,2,2,NA,0,1,0,1,1,1,0,1,1,1,0,0,0,Wildtype,0,0,1,1
AFWO3433,AFAR,WORER H/CENTER,AFWO3433,Plate 21,AFAR,AMIBARA,sheleko,20,0,0,27,0,2,2,1,"1,2,3,5",,2,NA,NA,No,,NA,NA,1,18420,1,2,2,NO,2015,1,1,1,1,1,1,1,0,1,1,1,0,1,1,1,0,0,0,Wildtype,0,0,1,1
AFWO3434,AFAR,WORER H/CENTER,AFWO3434,Plate 21,AFAR,AMIBARA,sheleko,10,0,0,24,0,2,2,1,"1,2,3,6",5dy,2,NA,NA,No,,NA,NA,1,12430,1,2,1,NO,2015,1,1,1,1,1,1,1,1,1,1,1,0,1,1,1,0,0,0,Wildtype,0,0,1,1
AFWO3435,AFAR,WORER H/CENTER,AFWO3435,Plate 21,AFAR,AMIBARA,sheleko,10,0,0,27,0,2,2,1,"1,2,3,6",5dy,2,NA,NA,No,,NA,NA,1,17420,1,2,1,NO,2015,2,2,1,1,1,0,1,0,1,1,1,0,1,0,1,0,0,0,Wildtype,0,0,1,1
AFWO3426,AFAR,WORER H/CENTER,AFWO3426,Plate 21,AFAR,AMIBARA,worer,20,0,0,30,0,2,1,1,"1,2,3,7",7dy,2,NA,NA,No,,NA,NA,1,18430,1,2,2,NO,2015,1,1,1,1,1,1,1,1,1,1,1,0,1,1,1,0,0,0,Wildtype,0,0,1,1
AFWO3427,AFAR,WORER H/CENTER,AFWO3427,Plate 21,AFAR,AMIBARA,worer,20,0,0,28,0,1,NA,1,"1,2,3,4,6",3dy,2,NA,NA,No,,NA,NA,1,14340,1,2,2,NO,2014,2,2,1,1,1,1,1,0,1,1,1,0,1,1,1,0,0,0,Wildtype,0,0,1,1
AFWO3428,AFAR,WORER H/CENTER,AFWO3428,Plate 21,AFAR,AMIBARA,worer,20,0,0,20,0,2,2,1,"1,23,5,6",7dy,2,NA,NA,No,,NA,NA,1,14340,1,2,2,NO,2014,2,2,1,1,1,1,1,0,1,1,1,0,1,1,1,0,0,0,Wildtype,0,0,1,1
AFWO3429,AFAR,WORER H/CENTER,AFWO3429,Plate 21,AFAR,AMIBARA,worer,20,0,0,27,0,1,NA,1,"1,2,3,4,6",5dy,2,NA,NA,No,,NA,NA,1,14320,1,2,2,NO,2016,2,2,1,1,1,1,1,0,1,1,1,0,1,1,1,0,0,0,Wildtype,0,0,1,1
AFWO3430,AFAR,WORER H/CENTER,AFWO3430,Plate 21,AFAR,AMIBARA,worer,20,0,0,36,0,1,NA,1,"1,2,3,4,6",7dy,2,NA,NA,No,,NA,NA,1,13430,1,2,2,NO,2014,2,2,1,1,1,1,1,0,1,1,1,0,1,1,1,0,0,0,Wildtype,0,0,1,1
AFWO3431,AFAR,WORER H/CENTER,AFWO3431,Plate 21,AFAR,AMIBARA,worer,20,0,0,32,0,1,NA,1,"1,2,3,7",5dy,2,NA,NA,No,,NA,NA,1,14320,1,2,2,NO,2015,2,2,1,1,1,1,1,1,1,1,1,0,1,1,1,0,0,0,Wildtype,0,0,1,1
AFWO3436,AFAR,WORER H/CENTER,AFWO3436,Plate 21,AFAR,AMIBARA,worer,10,0,0,26,0,2,2,1,"1,2,3,5,6",3dy,2,NA,NA,No,,NA,NA,1,16430,1,2,1,NO,2015,2,2,1,1,1,1,1,1,1,1,1,0,1,1,1,0,0,0,Wildtype,0,0,1,1
AFWO3438,AFAR,WORER H/CENTER,AFWO3438,Plate 21,AFAR,AMIBARA,worer,10,0,0,30,0,2,2,1,"1,2,3,4",7dy,2,NA,NA,No,,NA,NA,1,14340,1,2,2,NO,2015,1,1,1,1,1,1,1,0,1,1,1,0,1,1,1,0,0,0,Wildtype,0,0,1,1
AMAN030933,AMHARA,ANDASA H/CENTER,aman030933,Plate 10,AMHARA,BAHIR DAR ZURIA,andasa,10,0,0,21,0,2,2,1,"1,2,3,4",3dy,2,NA,NA,No,,NA,NA,1,NA,1,2,1,1,NA,2,2,1,1,1,1,1,0,1,1,1,0,1,1,1,0,0,0,Wildtype,0,0,2,2
AMAN030950,AMHARA,ANDASA H/CENTER,aman030950,Plate 10,AMHARA,BAHIR DAR ZURIA,andasa,5,0,0,25,0,2,1,1,"1,3,5,7",1dy,2,NA,NA,No,,NA,NA,1,NA,1,2,2,2,NA,2,2,1,1,1,1,1,1,1,1,1,0,1,1,1,0,0,0,Wildtype,0,0,1,1
AMAN030975,AMHARA,ANDASA H/CENTER,aman030975,Plate 10,AMHARA,BAHIR DAR ZURIA,andasa,24,0,0,24,0,1,NA,1,"1,3,4,7",2dy,2,NA,NA,No,,NA,NA,1,NA,1,2,2,2,NA,1,2,1,1,1,1,1,0,1,1,1,0,1,1,1,0,0,0,Wildtype,0,0,1,1
AMAN030985,AMHARA,ANDASA H/CENTER,aman030985,Plate 10,AMHARA,BAHIR DAR ZURIA,andasa,5,0,0,27,0,1,NA,1,"1,3,5,7,8",1dy,2,NA,NA,No,,NA,NA,1,NA,2,,2,0,NA,1,1,1,2,1,1,1,0.977580317,1,1,1,0,1,1,1,0,0,0,Wildtype,0,0,1,1
AMAN031011,AMHARA,ANDASA H/CENTER,AMAN031011,Plate 10,AMHARA,BAHIR DAR ZURIA,andasa,5,0,0,15,0,1,NA,1,"1,2,3,4",1dy,2,NA,NA,No,,NA,NA,1,NA,1,2,3,2,NA,1,1,1,1,1,1,1,0,1,1,1,0,1,1,1,0,0,0,Wildtype,0,0,1,1
AMAN031020,AMHARA,ANDASA H/CENTER,AMAN031020,Plate 10,AMHARA,BAHIR DAR ZURIA,andasa,18,0,0,18,0,2,2,1,"1,3,4",1dy,1,2,NA,No,,NA,NA,1,NA,1,2,1,1,NA,2,2,1,2,1,1,1,1,1,1,1,1,1,1,1,0,0,0,Wildtype,0,0,1,1
AMAN031005,AMHARA,ANDASA H/CENTER,AMAN031005,Plate 10,AMHARA,BAHIR DAR ZURIA,gacha,32,0,0,32,0,2,1,1,"1,3,4,6,7",2dy,1,2,NA,No,,NA,NA,1,NA,1,2,3,3,NA,1,1,1,1,1,1,1,0,1,1,1,0,1,1,1,0,0,0,Wildtype,0,0,1,1
AMAN030984,AMHARA,ANDASA H/CENTER,aman030984,Plate 10,AMHARA,BAHIR DAR ZURIA,tigeza,15,0,0,15,0,1,NA,1,"1,2,3,6,7",2dy,1,2,NA,No,,NA,NA,1,NA,1,2,2,2,NA,1,2,1,1,1,1,1,1,1,1,1,0,1,1,1,0,0,0,Wildtype,0,0,1,1
AMAN030991,AMHARA,ANDASA H/CENTER,aman030991,Plate 10,AMHARA,BAHIR DAR ZURIA,tsebei,20,0,0,20,0,1,NA,1,"1,2,3,6,7,8",3dy,2,NA,NA,No,,NA,NA,1,NA,2,,1,0,NA,2,2,1,2,1,1,1,1,1,1,1,0,1,1,1,0,0,0,Wildtype,0,0,1,1
AMAN031016,AMHARA,ANDASA H/CENTER,AMAN031016,Plate 10,AMHARA,BAHIR DAR ZURIA,tsebei,NA,9,NA,20,0,NA,NA,1,"1,2,3,4,5,6",3dy,2,NA,NA,No,,NA,NA,1,NA,2,,1,0,NA,2,2,1,2,1,1,1,0,1,1,1,0,1,1,1,0,0,0,Wildtype,0,0,1,1
AMAN030932,AMHARA,ANDASA H/CENTER,aman030932,Plate 10,AMHARA,BAHIR DAR ZURIA,yemushet,8,0,0,18,0,1,NA,1,"1,3,8",1dy,2,NA,NA,No,,NA,NA,1,NA,1,2,2,2,NA,2,2,1,1,1,0.83982684,1,0.969744318,1,1,0.933633296,0,1,1,1,0,0,0,Wildtype,0,0,2,2
AMAN030943,AMHARA,ANDASA H/CENTER,aman030943,Plate 10,AMHARA,BAHIR DAR ZURIA,yemushet,20,0,0,20,0,1,NA,1,"1,2,4,7",2dy,2,NA,NA,No,,NA,NA,1,NA,2,,2,0,NA,NA,2,1,2,1,0.94807822,1,1,1,1,0.971006122,0,1,1,1,0,0,0,Wildtype,0,0,1,1
AMAN030988,AMHARA,ANDASA H/CENTER,aman030988,Plate 10,AMHARA,BAHIR DAR ZURIA,yemushet,20,0,0,20,0,1,NA,1,"1,2,3",2dy,2,NA,NA,No,,NA,NA,1,NA,2,,1,0,NA,2,2,1,2,1,1,1,1,1,1,1,0,1,1,1,0,0,0,Wildtype,0,0,1,1
AMAN030990,AMHARA,ANDASA H/CENTER,aman030990,Plate 10,AMHARA,BAHIR DAR ZURIA,yemushet,21,0,0,21,0,1,NA,1,"1,2,3,5",1dy,1,2,NA,No,,NA,NA,1,NA,1,2,2,2,NA,1,2,1,1,1,1,1,1,1,1,1,0,1,1,1,0,0,0,Wildtype,0,0,1,1
AMAN031015,AMHARA,ANDASA H/CENTER,AMAN031015,Plate 10,AMHARA,BAHIR DAR ZURIA,yigama,15,0,0,15,0,1,NA,1,"1,2,3,4,5,6",1dy,2,NA,NA,No,,NA,NA,1,NA,1,2,2,2,NA,1,2,1,1,1,1,1,0,1,1,1,0,1,1,1,0,0,0,Wildtype,0,0,1,1
SNDI071887,S_ETHIOPIA,DILLA H/CENTER,SNDI071887,Plate 14,S_ETHIOPIA,DILLA,Dilla,NA,0,0,30,0,2,2,1,"1,3,5,6",1dy,2,NA,NA,No,,NA,NA,1,NA,2,,1,0,NA,1,2,1,2,1,1,1,0,1,1,1,1,1,1,1,0,0,0,Wildtype,0,0,1,1
SNDI071888,S_ETHIOPIA,DILLA H/CENTER,SNDI071888,Plate 14,S_ETHIOPIA,DILLA,Dilla,NA,0,0,16,0,1,NA,1,"1,3,5,7",1dy,2,NA,NA,No,,NA,NA,1,NA,2,,1,0,NA,2,NA,2,2,1,0.940994854,1,1,1,1,0.976753712,0,1,1,1,0,0.964055794,0,Wildtype,0,0,1,1
SNDI071889,S_ETHIOPIA,DILLA H/CENTER,SNDI071889,Plate 14,S_ETHIOPIA,DILLA,Dilla,NA,0,0,35,0,1,NA,1,"1,3,6",4dy,2,NA,NA,No,,NA,NA,1,NA,1,1,1,0,NA,1,2,1,2,1,0.96437659,1,1,1,1,1,0,1,1,1,0,1,0,Wildtype,0,0,1,1
SNDI071891,S_ETHIOPIA,DILLA H/CENTER,SNDI071891,Plate 14,S_ETHIOPIA,DILLA,Dilla,NA,0,0,26,0,1,NA,1,"2,3,6",1dy,2,NA,NA,No,,NA,NA,1,NA,2,"1,3",1,0,NA,1,2,2,2,1,1,1,1,1,1,1,0,1,1,1,0,1,0,Wildtype,0,0,1,1
SNDI071893,S_ETHIOPIA,DILLA H/CENTER,SNDI071893,Plate 14,S_ETHIOPIA,DILLA,Dilla,NA,0,0,45,0,1,NA,1,"2,4,5",3dy,2,NA,NA,No,,NA,NA,1,NA,1,"1,3",1,1,2014,1,2,1,1,1,1,1,1,1,1,1,0,1,1,1,0,0,0,Wildtype,0,0,3,2
SNDI071894,S_ETHIOPIA,DILLA H/CENTER,SNDI071894,Plate 14,S_ETHIOPIA,DILLA,Dilla,NA,0,0,40,0,1,NA,1,"2,3,6",3dy,2,NA,NA,No,,NA,NA,1,NA,1,"2,3",2,0,NA,2,2,2,2,1,1,1,0,1,1,1,0,1,1,1,0,0,0,Wildtype,0,0,3,3
SNDI071895,S_ETHIOPIA,DILLA H/CENTER,SNDI071895,Plate 14,S_ETHIOPIA,DILLA,Dilla,NA,0,0,50,0,1,NA,1,"1,3,5,7",2dy,2,NA,NA,No,,NA,NA,1,NA,2,,3,,NA,2,2,2,2,1,1,1,1,1,1,1,0,1,1,1,0,1,0,Wildtype,0,0,1,1
SNDI071896,S_ETHIOPIA,DILLA H/CENTER,SNDI071896,Plate 14,S_ETHIOPIA,DILLA,Dilla,NA,0,0,27,0,2,2,1,"3,5,7",1dy,2,NA,NA,No,,NA,NA,1,NA,2,,NA,,NA,1,2,2,2,1,1,1,1,1,1,1,0,1,1,1,0,0,0,Wildtype,0,0,1,1
SNDI071898,S_ETHIOPIA,DILLA H/CENTER,SNDI071898,Plate 14,S_ETHIOPIA,DILLA,Dilla,NA,0,0,40,0,1,NA,1,"1,3,5",3dy,2,NA,NA,No,,NA,NA,1,NA,1,2,1,0,NA,1,2,1,1,1,1,1,1,1,1,1,0,1,1,1,0,0,0,Wildtype,0,0,1,1
SNDI071899,S_ETHIOPIA,DILLA H/CENTER,SNDI071899,Plate 14,S_ETHIOPIA,DILLA,Dilla,NA,0,0,28,0,1,2,1,"1,2,3,4",15dy,1,1,NA,No,,NA,NA,1,NA,2,,1,2,NA,2,2,2,2,1,1,1,1,1,1,1,0,1,1,1,0,0,0,Wildtype,0,0,1,1
SNDI071901,S_ETHIOPIA,DILLA H/CENTER,SNDI071901,Plate 14,S_ETHIOPIA,DILLA,Dilla,NA,0,0,25,0,2,2,1,"1,3,4",3dy,2,NA,NA,No,,NA,NA,1,NA,1,"1,3",2,1,2014,2,NA,2,2,NA,1,0.964823298,0,1,1,0.933291835,0,1,1,1,0,1,0,Wildtype,0,0,2,2
SNDI071902,S_ETHIOPIA,DILLA H/CENTER,SNDI071902,Plate 14,S_ETHIOPIA,DILLA,Dilla,NA,0,0,45,0,1,NA,1,"1,2,3,5,7",2dy,2,NA,NA,No,,NA,NA,1,NA,1,2,2,1,NA,1,1,2,2,1,1,1,1,1,1,1,0,1,1,1,0,0,0,Wildtype,0,0,1,1
SNDI071903,S_ETHIOPIA,DILLA H/CENTER,SNDI071903,Plate 14,S_ETHIOPIA,DILLA,Dilla,NA,0,0,17,0,1,NA,1,"1,2,4,5,6",2dy,2,NA,NA,No,,NA,NA,1,NA,2,,2,0,0,1,2,2,2,1,1,1,0,1,1,1,0,1,1,1,0,0,0,Wildtype,0,0,2,2
SNDI071907,S_ETHIOPIA,DILLA H/CENTER,SNDI071907,Plate 14,S_ETHIOPIA,DILLA,Dilla,NA,0,0,25,0,1,NA,1,"1,2,3,6",2dy,2,NA,NA,No,,NA,NA,1,NA,2,,1,0,NA,2,2,2,2,1,1,1,1,1,1,1,0,1,1,1,0,0,0,Wildtype,0,0,1,1
SNDI071908,S_ETHIOPIA,DILLA H/CENTER,SNDI071908,Plate 14,S_ETHIOPIA,DILLA,Dilla,NA,0,0,55,0,2,2,1,"1,2,3,4,5,6,7",3dy,2,NA,NA,No,,NA,NA,1,NA,1,3,2,1,2014,2,2,2,2,1,1,1,1,1,1,0.903639837,0,1,1,1,0,0.952584078,0,Wildtype,0,0,1,1
SNDI071909,S_ETHIOPIA,DILLA H/CENTER,SNDI071909,Plate 14,S_ETHIOPIA,DILLA,Dilla,NA,0,0,30,0,2,2,1,"1,2,4,6",1dy,2,NA,NA,No,,NA,NA,1,NA,1,2,NA,,NA,1,NA,2,NA,NA,1,1,1,1,1,1,0,1,1,1,0,1,0,Wildtype,0,0,2,2
SNDI071910,S_ETHIOPIA,DILLA H/CENTER,SNDI071910,Plate 14,S_ETHIOPIA,DILLA,Dilla,NA,0,0,30,0,2,2,1,"1,4,5",1dy,1,3,NA,No,,NA,NA,1,NA,1,2,NA,2,NA,2,2,NA,1,NA,1,1,1,1,1,1,0,1,1,1,0,0,0,Wildtype,0,0,1,1
DILE6074,DIRE DAWA,LEGEHARE H/CENTER,dile6074,Plate 14,DIRE DAWA,DIRE DAWA,dire dawa,NA,1,NA,20,0,1,NA,1,"1,2,3",3dy,2,NA,NA,No,,NA,NA,1,912,2,,1,,NA,2,2,1,NA,1,0.976040978,1,0,1,1,1,0,1,1,1,0,0,0,Wildtype,0,0,1,1
DILE6076,DIRE DAWA,LEGEHARE H/CENTER,dile6076,Plate 14,DIRE DAWA,DIRE DAWA,dire dawa,NA,2,NA,16,0,2,2,1,"1,3,5",4dy,2,NA,NA,No,,NA,NA,1,720,1,2,2,1,2014,1,2,2,2,1,1,1,1,1,1,1,0,1,1,1,0,0,0,Wildtype,0,0,1,1
DILE6076,DIRE DAWA,LEGEHARE H/CENTER,dile6076,Plate 14,DIRE DAWA,DIRE DAWA,dire dawa,7,0,0,32,0,1,NA,1,"1,3,4",5dy,2,NA,NA,No,,NA,NA,1,729,2,,2,,NA,1,1,1,2,1,1,1,1,1,1,1,0,1,1,1,0,0,0,Wildtype,0,0,1,1
DILE6080,DIRE DAWA,LEGEHARE H/CENTER,dile6080,Plate 14,DIRE DAWA,DIRE DAWA,dire dawa,1,0,0,20,0,1,NA,1,"1,2,3",2dy,1,2,NA,No,,NA,NA,1,1211,2,,3,,NA,2,2,1,2,1,0,0,0,NA,NA,1,NA,1,0.958917589,NA,NA,NA,0,Wildtype,NA,NA,1,1
DILE6081,DIRE DAWA,LEGEHARE H/CENTER,dile6081,Plate 14,DIRE DAWA,DIRE DAWA,dire dawa,1,0,0,22,0,2,2,1,"1,2,4",3dy,1,2,NA,No,,NA,NA,1,700,1,3,1,NO,NA,2,2,1,2,1,0,1,1,1,1,1,0,1,0,1,0,0,0,Wildtype,0,0,1,1
DILE6082,DIRE DAWA,LEGEHARE H/CENTER,dile6082,Plate 14,DIRE DAWA,DIRE DAWA,dire dawa,NA,1,NA,30,0,2,2,1,"1,2,3",2dy,2,NA,NA,No,,NA,NA,1,1200,1,3,2,,NA,1,1,1,2,1,0,1,1,1,1,1,0,1,0,1,0,0,0,Wildtype,0,0,1,1
DILE6084,DIRE DAWA,LEGEHARE H/CENTER,dile6084,Plate 14,DIRE DAWA,DIRE DAWA,dire dawa,1,0,0,24,0,1,NA,1,"1,2,3,6",4dy,2,NA,NA,No,,NA,NA,1,1300,2,,1,,NA,2,2,1,2,1,1,1,1,1,1,1,0,1,1,1,0,0,0,Wildtype,0,0,1,1
DILE6085,DIRE DAWA,LEGEHARE H/CENTER,dile6085,Plate 14,DIRE DAWA,DIRE DAWA,dire dawa,10,0,0,28,0,2,2,1,"1,2,3,7",2dy,2,NA,NA,No,,NA,NA,1,900,2,,2,,NA,1,2,2,2,1,0.04978355,0.336134454,0.336134454,0.288598694,1,1,0,1,1,1,0,0,0,Wildtype,0,0,2,2
DILE6090,DIRE DAWA,LEGEHARE H/CENTER,dile6090,Plate 14,DIRE DAWA,DIRE DAWA,dire dawa,1,0,0,20,0,1,NA,1,"1,3,4",9dy,2,NA,NA,No,,NA,NA,1,1100,2,,1,,NA,2,2,1,2,1,0,1,0.845404019,1,0.835144928,0.854715454,0,1,1,1,0,0,0,Wildtype,0,0,2,2
DILE6091,DIRE DAWA,LEGEHARE H/CENTER,dile6091,Plate 14,DIRE DAWA,DIRE DAWA,dire dawa,NA,1,NA,20,0,1,NA,1,"1,2,3",3dy,2,NA,NA,No,,NA,NA,1,800,1,"2,3",1,1,2016,2,2,1,2,1,1,1,1,1,1,1,0,1,1,1,0,0,0,Wildtype,0,0,1,1
DILE6093,DIRE DAWA,LEGEHARE H/CENTER,dile6093,Plate 14,DIRE DAWA,DIRE DAWA,dire dawa,NA,1,NA,21,0,2,1,1,"1,2,4,6,7",9dy,2,NA,NA,No,,NA,NA,1,729,2,,1,,NA,1,1,2,2,1,0,1,0,1,1,0.974561513,0,1,0.022522523,1,0,0,0,Wildtype,0,0,1,1
DILE6094,DIRE DAWA,LEGEHARE H/CENTER,dile6094,Plate 14,DIRE DAWA,DIRE DAWA,dire dawa,NA,1,NA,23,0,1,NA,1,"1,2,3,4",5dy,2,NA,NA,No,,NA,NA,1,814,2,,1,,NA,1,1,2,2,1,0,1,0,1,1,1,0,1,0,1,0,0,0,Wildtype,0,0,1,1
DILE6095,DIRE DAWA,LEGEHARE H/CENTER,dile6095,Plate 14,DIRE DAWA,DIRE DAWA,dire dawa,1,0,0,26,0,2,2,1,"1,2,3,4",3dy,2,NA,NA,No,,NA,NA,1,2123,1,3,1,,2011,2,2,1,1,1,1,1,0.672715054,1,1,1,0,1,1,1,0,0,0,Wildtype,0,0,2,2
DILE6071,DIRE DAWA,LEGEHARE H/CENTER,dile6071,Plate 14,DIRE DAWA,DIRE DAWA,dire dawa,NA,1,NA,20,0,2,2,1,"1,2,3",3dy,1,2,NA,No,,NA,NA,1,700,1,2,2,1,2014,1,2,2,2,1,1,1,1,1,1,1,0,1,1,1,0,0,0,Wildtype,0,0,1,1
DILE6072,DIRE DAWA,LEGEHARE H/CENTER,dile6072,Plate 14,DIRE DAWA,DIRE DAWA,dire dawa,1,0,0,18,0,2,NA,1,"1,2,3",2dy,2,NA,NA,No,,NA,NA,1,1800,1,2,2,2,2014,2,1,1,1,1,1,1,1,1,1,1,0,1,1,1,0,0,0,Wildtype,0,0,1,1
AMJI031344,AMHARA,Jiga h/c,AMJI031344,Plate 21,AMHARA,JABIE,jiga 01,8,0,0,8,0,2,2,1,1.2.5.4,2dy,2,2,NA,No,,NA,NA,1,760,1,2,2,2,NA,1,2,2,1,1,0,1,0,1,1,1,0,1,1,1,0,0,0,Wildtype,0,0,1,1
AMJI031342,AMHARA,Jiga h/c,AMJI031342,Plate 21,AMHARA,JABIE,jiga 02,12,0,0,12,0,2,2,1,1.4.5.6,2dy,1,1,NA,No,,NA,NA,1,1420,1,2,3,2,3,2,2,2,1,1,1,1,1,1,1,1,0,1,1,1,0,0,0,Wildtype,0,0,1,1
AMJI031334,AMHARA,Jiga h/c,AMJI031334,Plate 21,AMHARA,JABIE,yelmder,10,0,0,10,0,2,2,1,1.2.3,2dy,2,1,NA,No,,NA,NA,1,840,1,1,2,1,3,1,2,1,2,1,0,1,0,1,1,1,0,1,0.9318542,1,0,0,0,Wildtype,0,0,1,1
AMJI031336,AMHARA,Jiga h/c,AMJI031336,Plate 21,AMHARA,JABIE,yelmder,10,0,0,10,0,1,NA,1,2.3.5.6.,2dy,2,1,NA,No,,NA,NA,1,3420,1,1,1,1,4,1,NA,1,2,1,0.968259759,1,0.067123742,1,0.025623583,0,0.027945073,1,1,1,0,0,0,Wildtype,0,0,2,2
AMJI031337,AMHARA,Jiga h/c,AMJI031337,Plate 21,AMHARA,JABIE,yelmder,10,0,0,11,0,2,2,1,1.2.5,3dy,2,2,NA,No,,NA,NA,1,1219,1,2,2,2,2,2,2,2,1,1,1,1,1,1,1,1,0,1,1,1,0,0,0,Wildtype,0,0,1,1
AMJI031338,AMHARA,Jiga h/c,AMJI031338,Plate 21,AMHARA,JABIE,yelmder,2,0,0,4,0,1,NA,1,1.2.3.6,2dy,2,1,NA,No,,NA,NA,1,4520,1,1,1,1,3,1,NA,1,2,1,0,1,0,1,1,1,0,1,0,1,0,0,0,Wildtype,0,0,1,1
AMJI031340,AMHARA,Jiga h/c,AMJI031340,Plate 21,AMHARA,JABIE,yelmder,45,0,0,45,0,2,2,1,1.2.5,2dy,2,1,NA,No,,NA,NA,1,620,1,2,2,1,4,1,2,2,1,1,0,1,0,1,1,1,0,1,0,1,0,0,0,Wildtype,0,0,2,2
AMHA1702,AMHARA,HARBU H/CENTER,AMHA1702,Plate 21,AMHARA,KALLU,harbu,8,0,0,8,0,2,NA,1,"1,3,5,6",3dy,2,NA,NA,No,,NA,NA,1,12000,1,2,2,2,NA,1,2,1,1,1,1,1,0,1,1,1,0,1,1,1,0,0,0,Wildtype,0,0,1,1
AMHA1703,AMHARA,HARBU H/CENTER,AMHA1703,Plate 21,AMHARA,KALLU,harbu,17,0,0,17,0,2,2,1,"1,2,3,4,6",1dy,2,NA,NA,No,,NA,NA,1,3600,1,2,1,1,2014,1,NA,NA,1,1,0,1,0,1,0,0,0,1,1,1,0,0,0,Wildtype,0,0,1,1
AMHA1706,AMHARA,HARBU H/CENTER,AMHA1706,Plate 21,AMHARA,KALLU,harbu,20,0,0,20,0,2,1,1,"1,2,3,6",8dy,2,NA,NA,No,,NA,NA,1,8000,1,2,1,1,2014,2,1,1,1,1,1,1,0,1,0,0,0,1,1,1,0,0,0,Wildtype,0,0,1,1
AMHA1707,AMHARA,HARBU H/CENTER,AMHA1707,Plate 21,AMHARA,KALLU,harbu,NA,0,0,42,0,1,NA,1,"1,2,3,6,8",4dy,2,NA,NA,No,,NA,NA,1,12200,1,2,1,2,2014,2,2,2,2,1,0,1,1,1,1,1,0,1,1,1,0,0,0,Wildtype,0,0,1,1
AMHA4853,AMHARA,HARBU H/CENTER,AMHA4853,Plate 21,AMHARA,KALLU,harbu,14,0,0,14,0,1,NA,1,"1,2,3,4",2dy,2,NA,NA,No,,NA,NA,1,6000,2,,3,2,NA,1,2,1,2,1,1,1,0,1,0,0,0,1,1,1,0,0,0,Wildtype,0,0,1,1
AMHA4857,AMHARA,HARBU H/CENTER,AMHA4857,Plate 21,AMHARA,KALLU,harbu,16,0,0,16,0,1,NA,1,"1,3,4,6,7",4dy,2,NA,NA,No,,NA,NA,1,14000,1,2,2,2,2014,2,2,1,1,1,1,1,0,1,1,1,0,1,1,1,0,0,0,Wildtype,0,0,1,1
SEBI1550,S_ETHIOPIA,BIRBIRR H/CENTER,SEBI1550,Plate 11,S_ETHIOPIA,MERAB ABAYA,allege,18,0,0,18,0,NA,NA,1,"1,2,3",,1,2,NA,No,,NA,NA,1,NA,2,,5,1,NA,2,2,1,1,1,1,1,0,1,1,1,0,1,1,1,0,0,0,Wildtype,0,0,1,1
SEBI1551,S_ETHIOPIA,BIRBIRR H/CENTER,SEBI1551,Plate 11,S_ETHIOPIA,MERAB ABAYA,allege,10,0,0,10,0,1,NA,1,"1,3,6",,1,2,NA,No,,NA,NA,1,NA,2,,3,1,NA,1,2,1,1,1,1,1,1,1,1,1,0,1,0,1,0,0,0,Wildtype,0,0,1,1
SEBI1557,S_ETHIOPIA,BIRBIRR H/CENTER,SEBI1557,Plate 11,S_ETHIOPIA,MERAB ABAYA,allege,18,0,0,18,0,2,2,1,"1,3,7",7dy,2,NA,NA,No,,NA,NA,1,NA,1,3,3,2,NA,1,2,1,2,1,1,1,1,1,0,1,0,1,1,1,0,0,0,Wildtype,0,0,1,1
SEBI1565,S_ETHIOPIA,BIRBIRR H/CENTER,SEBI1565,Plate 11,S_ETHIOPIA,MERAB ABAYA,allege,12,0,0,12,0,2,2,1,"1,3",1dy,2,NA,NA,No,,NA,NA,1,NA,2,,3,3,NA,2,1,2,2,1,1,1,1,1,1,1,0,1,1,1,0,0,0,Wildtype,0,0,1,1
SEBI1571,S_ETHIOPIA,BIRBIRR H/CENTER,SEBI1571,Plate 11,S_ETHIOPIA,MERAB ABAYA,allege,20,0,0,20,0,1,NA,1,"1,2,3,6",2dy,2,NA,NA,No,,NA,NA,1,NA,1,2,4,2,NA,2,2,1,1,1,NA,1,0.870327015,1,1,1,0,1,1,1,0,0,0,Wildtype,0,0,4,3
SEBI1573,S_ETHIOPIA,BIRBIRR H/CENTER,SEBI1573,Plate 11,S_ETHIOPIA,MERAB ABAYA,allege,15,0,0,15,0,NA,NA,1,"1,2,3,5",2dy,2,NA,NA,No,,NA,NA,1,NA,1,2,3,3,NA,2,2,1,1,1,0.82122905,1,0.957921087,1,1,0.973100691,0,1,0.911764706,1,0,0,0,Wildtype,0,0,8,9
SEBI1574,S_ETHIOPIA,BIRBIRR H/CENTER,SEBI1574,Plate 11,S_ETHIOPIA,MERAB ABAYA,allege,8,0,0,8,0,NA,NA,1,"1,2,3,5",,2,NA,NA,No,,NA,NA,1,NA,1,2,4,2,NA,2,2,1,1,1,1,1,1,1,1,1,0,1,1,1,0,0,0,Wildtype,0,0,2,2
SEBI1575,S_ETHIOPIA,BIRBIRR H/CENTER,SEBI1575,Plate 11,S_ETHIOPIA,MERAB ABAYA,allege,21,0,0,21,0,2,2,1,"1,2,3,4",3dy,2,NA,NA,No,,NA,NA,1,NA,1,2,4,2,NA,2,2,1,1,1,1,1,1,1,1,1,0,1,1,1,0,0,0,Wildtype,0,0,1,1
SEBI1579,S_ETHIOPIA,BIRBIRR H/CENTER,SEBI1579,Plate 11,S_ETHIOPIA,MERAB ABAYA,allege,40,0,0,40,0,2,2,1,"1,2,3,5",2dy,2,NA,NA,No,,NA,NA,1,NA,1,2,5,2,NA,2,2,1,1,1,1,0.790765634,0.209234366,1,1,1,0,1,1,1,0,0,0,Wildtype,0,0,2,2
SEBI1581,S_ETHIOPIA,BIRBIRR H/CENTER,SEBI1581,Plate 11,S_ETHIOPIA,MERAB ABAYA,allege,15,0,0,15,0,1,NA,1,"1,2,4,6",3dy,2,NA,NA,No,,NA,NA,1,NA,1,2,4,2,NA,1,2,1,1,1,1,1,1,1,1,1,0,1,1,1,0,0,0,Wildtype,0,0,1,1
SEBI1582,S_ETHIOPIA,BIRBIRR H/CENTER,SEBI1582,Plate 11,S_ETHIOPIA,MERAB ABAYA,allege,15,0,0,15,0,2,2,1,"1,2,3,4",2dy,2,NA,NA,No,,NA,NA,1,NA,1,2,4,3,NA,2,2,1,1,1,1,1,1,1,1,1,0,1,1,1,0,0,0,Wildtype,0,0,1,1
SEBI1521,S_ETHIOPIA,BIRBIRR H/CENTER,SEBI1521,Plate 11,S_ETHIOPIA,MERAB ABAYA,birbir,3,0,0,3,0,2,2,1,"1,3",3dy,1,2,NA,No,,NA,NA,1,NA,2,,3,2,NA,1,2,2,2,1,1,1,1,1,1,1,0,1,1,1,0,0,0,Wildtype,0,0,1,1
SEBI1532,S_ETHIOPIA,BIRBIRR H/CENTER,SEBI1532,Plate 11,S_ETHIOPIA,MERAB ABAYA,birbir,14,0,0,14,0,1,NA,1,"1,3",2dy,2,NA,NA,No,,NA,NA,1,NA,2,,1,1,NA,1,2,1,1,1,1,1,1,1,1,1,0,1,1,1,0,0,0,Wildtype,0,0,1,1
SEBI1546,S_ETHIOPIA,BIRBIRR H/CENTER,SEBI1546,Plate 11,S_ETHIOPIA,MERAB ABAYA,birbir,20,0,0,20,0,2,2,1,"1,3,5,6",2dy,2,NA,NA,No,,NA,NA,1,NA,2,,4,1,NA,2,2,1,1,1,1,1,1,1,1,1,0,1,1,1,0,0,0,Wildtype,0,0,1,1
SEBI1572,S_ETHIOPIA,BIRBIRR H/CENTER,SEBI1572,Plate 11,S_ETHIOPIA,MERAB ABAYA,birbir,17,0,0,17,0,1,NA,1,"1,3,7",1dy,2,NA,NA,No,,NA,NA,1,NA,2,,4,3,NA,1,2,2,2,1,1,1,1,1,1,1,0,1,1,1,0,0,0,Wildtype,0,0,1,1
SEBI1585,S_ETHIOPIA,BIRBIRR H/CENTER,SEBI1585,Plate 11,S_ETHIOPIA,MERAB ABAYA,birbir,19,0,0,19,0,1,NA,1,"1,3,4",3dy,2,NA,NA,No,,NA,NA,1,NA,1,,5,3,NA,2,1,1,2,1,1,1,0,1,1,1,0,1,1,1,0,0,0,Wildtype,0,0,1,1
SEBI1561,S_ETHIOPIA,BIRBIRR H/CENTER,SEBI1561,Plate 11,S_ETHIOPIA,MERAB ABAYA,molle,8,0,0,8,0,2,NA,1,"1,3,5",3dy,2,NA,NA,No,,NA,NA,1,NA,2,,3,3,NA,1,2,1,2,1,0.954643629,0.069337742,0.977146747,1,1,1,0,1,1,1,0,0,0,Wildtype,0,0,1,1
SEBI1511,S_ETHIOPIA,BIRBIRR H/CENTER,SEBI1511,Plate 11,S_ETHIOPIA,MERAB ABAYA,molle,25,0,0,25,0,2,1,1,"1,3",No,NA,NA,NA,No,,NA,NA,1,NA,2,,5,2,NA,1,2,2,1,1,1,1,1,1,1,1,0,1,1,1,0,0,0,Wildtype,0,0,3,3
SEBI1553,S_ETHIOPIA,BIRBIRR H/CENTER,SEBI1553,Plate 11,S_ETHIOPIA,MERAB ABAYA,molle,6,0,0,6,0,1,NA,1,"1,3,6",1dy,2,NA,NA,No,,NA,NA,1,NA,1,,5,2,NA,1,2,2,2,1,1,1,1,1,1,1,0,1,1,1,0,0,0,Wildtype,0,0,1,1
SEBI1543,S_ETHIOPIA,BIRBIRR H/CENTER,SEBI1543,Plate 11,S_ETHIOPIA,MERAB ABAYA,ugayehu,15,0,0,15,0,1,NA,1,"1,3,5,6",2dy,2,NA,NA,No,,NA,NA,1,NA,2,,5,1,NA,2,2,1,1,1,1,1,0,1,1,1,0,1,1,1,0,0,0,Wildtype,0,0,1,1
SEBI1556,S_ETHIOPIA,BIRBIRR H/CENTER,SEBI1556,Plate 11,S_ETHIOPIA,MERAB ABAYA,ugayehu,19,0,0,19,0,2,2,1,"1,2,3,7",2dy,2,NA,NA,No,,NA,NA,1,NA,1,2,4,2,NA,2,2,1,1,1,0,1,0.806605575,1,0.213562307,0.212194056,0,1,1,1,0,0,0,Wildtype,0,0,2,2
SEBI1580,S_ETHIOPIA,BIRBIRR H/CENTER,SEBI1580,Plate 11,S_ETHIOPIA,MERAB ABAYA,yayike,13,0,0,13,0,1,NA,1,"2,3,4,5",2dy,2,NA,NA,No,,NA,NA,1,NA,1,2,4,2,NA,2,2,1,1,1,1,1,1,1,1,1,0,1,1,1,0,0,0,Wildtype,0,0,1,1
SILR5500,SIDAMA,GARA RIKATA H/CENTER,SILR5500,Plate 21,SIDAMA,TULLA,gamato,30,0,0,30,0,2,1,1,"2,3,4,6",5dy,2,NA,NA,No,,NA,NA,1,NA,1,2,5,1,NA,NA,1,1,1,1,1,1,1,1,1,1,0,1,1,1,0,0,1,Wildtype,0,0,1,1
SILR5504,SIDAMA,GARA RIKATA H/CENTER,SILR5504,Plate 21,SIDAMA,TULLA,gamato,5,0,0,5,0,2,NA,1,"1,2,3",2dy,2,NA,NA,No,,NA,NA,1,NA,1,2,3,2,NA,1,2,1,1,1,1,1,1,1,1,1,0,1,1,1,0,0,0,Wildtype,0,0,1,1
SILR5502,SIDAMA,GARA RIKATA H/CENTER,SILR5502,Plate 21,SIDAMA,TULLA,gara rikata,25,0,0,25,0,1,NA,1,"1,2,3,4,6",3dy,2,NA,NA,No,,NA,NA,1,NA,1,2,3,2,NA,2,2,1,1,1,1,1,1,1,1,1,0,1,1,1,0,0,1,Wildtype,0,0,1,1
SILR5503,SIDAMA,GARA RIKATA H/CENTER,SILR5503,Plate 21,SIDAMA,TULLA,gara rikata,20,0,0,20,0,1,NA,1,"2,3,4,5,6",4dy,2,NA,NA,No,,NA,NA,1,NA,1,2,5,3,NA,2,2,1,1,1,1,1,1,1,1,1,0,1,1,1,0,0,1,Wildtype,0,0,1,1
AMWO031586,AMHARA,WORETA H/CENTER,AMWO031586,Plate 14,AMHARA,WORETA,angiro,5,0,0,28,0,2,2,1,"1,3,5",6dy,2,NA,NA,No,,NA,NA,1,NA,1,3,3,0,NA,2,2,2,2,NA,0,1,1,1,1,1,0,1,1,1,0,0,0,Wildtype,0,0,1,1
AMWO031585,AMHARA,WORETA H/CENTER,AMWO031585,Plate 14,AMHARA,WORETA,shofa,10,0,0,46,0,1,NA,1,"1,3,5",7dy,2,NA,NA,No,,NA,NA,1,NA,2,,3,0,NA,1,1,2,2,1,0,1,1,1,1,1,0,1,1,1,0,0,0,Wildtype,0,0,1,1
AMWO031587,AMHARA,WORETA H/CENTER,AMWO031587,Plate 14,AMHARA,WORETA,woreta,8,0,0,47,0,2,2,1,"1,3,4",4dy,2,NA,NA,No,,NA,NA,1,NA,1,3,2,0,NA,1,2,2,2,1,0,1,1,1,1,1,0,1,0.978793419,1,0,0,0,Wildtype,0,0,1,1
TGYE3705,TIGRAY,YECHILA P/HOSPITAL,TGYE3705,Plate 14,TIGRAY,ABERGELEYECHILA,A_yechila,NA,0,0,28,0,2,2,NA,,2dy,2,NA,NA,No,,NA,NA,1,NA,2,,NA,,NA,2,2,2,2,1,0,1,0,1,1,1,0,1,1,1,0,0,0,Wildtype,0,0,1,1
TGYE3707,TIGRAY,YECHILA P/HOSPITAL,TGYE3707,Plate 14,TIGRAY,ABERGELEYECHILA,mearey,NA,0,0,5,0,2,NA,1,"1,2,3,4,5,6,7",2dy,2,NA,NA,No,,NA,NA,1,NA,2,,NA,,NA,2,NA,2,NA,NA,0,1,0,1,1,1,0,1,1,1,0,0,0,Wildtype,0,0,1,1
GAAB2301,GAMBELA,ABOL H/CENTER,GAAB2301,Plate 14,GAMBELA,ABOL,Abol,8,0,0,8,0,2,NA,1,"1,3,5,6,7",2dy,NA,NA,NA,No,,NA,NA,1,NA,NA,,3,3,NA,1,2,1,1,2,0.092898833,1,1,1,0,0.580764249,0,1,1,1,0,0,0,Wildtype,0,0.095361611,2,2
GAAB2303,GAMBELA,ABOL H/CENTER,GAAB2303,Plate 14,GAMBELA,ABOL,Abol,NA,0,0,10,0,NA,NA,1,"1,3,5,6,7",2dy,NA,NA,NA,No,,NA,NA,1,NA,NA,,4,3,NA,1,2,1,1,2,0,0,0,0,0,0,0,1,1,1,0,0,0,Wildtype,0,0,1,1
GAAB2304,GAMBELA,ABOL H/CENTER,GAAB2304,Plate 14,GAMBELA,ABOL,Abol,6,0,0,10,0,2,NA,1,"1,3,5,7",2dy,1,NA,NA,No,,NA,NA,1,NA,NA,,3,3,NA,1,2,1,1,NA,0,1,0,1,0,0,0,1,1,1,0,0,0,Wildtype,0,0,1,1
GAAB2305,GAMBELA,ABOL H/CENTER,GAAB2305,Plate 14,GAMBELA,ABOL,Abol,4,0,0,21,0,2,NA,1,"1,3,5,7",1dy,1,NA,NA,No,,NA,NA,1,NA,NA,,4,3,NA,1,2,1,1,2,0.079809976,1,0.962518264,1,1,0.845304602,0,1,1,1,0,0,0,Wildtype,0,0,2,2
GAAB2306,GAMBELA,ABOL H/CENTER,GAAB2306,Plate 14,GAMBELA,ABOL,Abol,8,0,0,22,0,1,NA,1,"1,3,5,6,7",3dy,1,NA,NA,No,,NA,NA,1,NA,NA,,6,4,NA,2,1,1,1,2,0,1,1,1,0,0,0,1,1,1,0,0,0,Wildtype,0,0.032375741,1,1
GAAB2307,GAMBELA,ABOL H/CENTER,GAAB2307,Plate 14,GAMBELA,ABOL,Abol,4,0,0,16,0,1,NA,1,"1,3,5,6,7",2dy,1,NA,NA,No,,NA,NA,1,NA,NA,,5,3,NA,1,2,1,1,2,0,1,0,1,1,1,0,1,1,1,0,0,0,Wildtype,0,0,1,1
GAAB2308,GAMBELA,ABOL H/CENTER,GAAB2308,Plate 14,GAMBELA,ABOL,Abol,9,0,0,9,0,1,NA,1,"1,3,5,6,7",2dy,NA,NA,NA,No,,NA,NA,1,NA,NA,,3,3,NA,1,2,1,1,2,0,0.978471801,0.978471801,0.974054054,0.123678059,0.032834268,0.137952822,1,0.086475707,1,0.737492593,0,0,Wildtype,0,0,1,1
GAAB2309,GAMBELA,ABOL H/CENTER,GAAB2309,Plate 14,GAMBELA,ABOL,Abol,4,0,0,35,0,2,NA,1,"1,3,5,6,7",2dy,1,NA,NA,No,,NA,NA,1,NA,NA,,4,4,NA,1,2,1,1,2,0,1,0,1,1,1,0,1,1,1,0,0,0,Wildtype,0,0,1,1
GAAB2312,GAMBELA,ABOL H/CENTER,GAAB2312,Plate 14,GAMBELA,ABOL,Abol,3,0,0,16,0,2,NA,1,,2dy,NA,NA,NA,No,,NA,NA,1,NA,NA,,6,4,NA,1,2,1,1,2,0.0430839,1,0.057846607,1,0.867410568,0.944026506,0.025383142,1,1,1,0,0,0,Wildtype,0,0,8,7
AMAN031009,AMHARA,ANDASA H/CENTER,AMAN031009,Plate 10,AMHARA,BAHIR DAR ZURIA,yemushet,NA,0,0,NA,NA,NA,NA,NA,,,NA,NA,NA,No,,NA,NA,1,NA,NA,,NA,,NA,NA,NA,NA,NA,NA,1,1,0,1,1,1,0,1,1,1,0,0,0,Wildtype,0,0,1,1
SEBI1542,S_ETHIOPIA,BIRBIRR H/CENTER,SEBI1542,Plate 11,S_ETHIOPIA,MERAB ABAYA,birbir,12,0,0,12,0,1,NA,1,"1,3,4,5,8",6dy,1,2,NA,No,,NA,NA,1,NA,2,,1,1,NA,1,2,2,2,1,1,0,1,1,1,1,0,1,1,1,0,0,0,Wildtype,0,0,1,1
